"x","y","source","year"
-44.15,-23.05,"PMAP",2006
-44.4667,-23.05,"PMAP",2006
-44.4333,-23.0667,"PMAP",2006
-44.4667,-23.0667,"PMAP",2006
-44.5667,-23.0667,"PMAP",2006
-44.3333,-23.0833,"PMAP",2006
-44.3667,-23.0833,"PMAP",2006
-44.3833,-23.0833,"PMAP",2006
-44.4167,-23.0833,"PMAP",2006
-44.4333,-23.0833,"PMAP",2006
-44.4667,-23.0833,"PMAP",2006
-44.5,-23.0833,"PMAP",2006
-44.55,-23.0833,"PMAP",2006
-44.5667,-23.0833,"PMAP",2006
-44.5833,-23.0833,"PMAP",2006
-44.5667,-23.1,"PMAP",2006
-44.5833,-23.1,"PMAP",2006
-44.6,-23.1,"PMAP",2006
-44.6167,-23.1,"PMAP",2006
-44.5333,-23.1167,"PMAP",2006
-44.3833,-23.1333,"PMAP",2006
-44.4833,-23.1333,"PMAP",2006
-44.55,-23.1333,"PMAP",2006
-44.3333,-23.15,"PMAP",2006
-44.3833,-23.15,"PMAP",2006
-44.4667,-23.15,"PMAP",2006
-44.5,-23.15,"PMAP",2006
-44.5833,-23.15,"PMAP",2006
-44.6167,-23.15,"PMAP",2006
-44.4,-23.1667,"PMAP",2006
-44.35,-23.2333,"PMAP",2006
-44.5,-23.25,"PMAP",2006
-46.4167,-24.1667,"PMAP",2006
-45.7722,-24.255,"PMAP",2006
-46.0522,-24.2672,"PMAP",2006
-46.2911,-24.3381,"PMAP",2006
-45.9444,-24.37,"PMAP",2006
-45.9833,-24.4314,"PMAP",2006
-46.2833,-24.5833,"PMAP",2006
-46.25,-24.6667,"PMAP",2006
-46,-24.7667,"PMAP",2006
-45.2833,-24.7833,"PMAP",2006
-45.8103,-24.8739,"PMAP",2006
-47.3,-25.3,"PMAP",2006
-47.65,-25.3167,"PMAP",2006
-47.3167,-25.3333,"PMAP",2006
-47.35,-25.3333,"PMAP",2006
-47.4667,-25.3333,"PMAP",2006
-47.45,-25.3667,"PMAP",2006
-47.4833,-25.4,"PMAP",2006
-47.5,-25.4,"PMAP",2006
-48.1333,-25.4333,"PMAP",2006
-47.5167,-25.45,"PMAP",2006
-47.65,-25.5,"PMAP",2006
-47.9,-25.8333,"PMAP",2006
-47.6667,-25.9167,"PMAP",2006
-48.5333,-25.9333,"PMAP",2006
-48.35,-25.9833,"PMAP",2006
-48,-26.05,"PMAP",2006
-48.35,-26.05,"PMAP",2006
-48.3667,-26.05,"PMAP",2006
-48.3667,-26.0667,"PMAP",2006
-48.4,-26.0667,"PMAP",2006
-48.4167,-26.0833,"PMAP",2006
-48.3167,-26.1167,"PMAP",2006
-47.6,-26.1333,"PMAP",2006
-47.6833,-26.1333,"PMAP",2006
-48.1167,-26.1333,"PMAP",2006
-48.1333,-26.1333,"PMAP",2006
-48.1667,-26.1333,"PMAP",2006
-48.2333,-26.1333,"PMAP",2006
-48.3667,-26.1333,"PMAP",2006
-48.2667,-26.15,"PMAP",2006
-48.4,-26.15,"PMAP",2006
-48.3333,-26.1667,"PMAP",2006
-48.1703,-26.1694,"PMAP",2006
-48.2,-26.1833,"PMAP",2006
-48.2589,-26.1958,"PMAP",2006
-47.6167,-26.2333,"PMAP",2006
-47.8167,-26.2333,"PMAP",2006
-48.3,-26.2333,"PMAP",2006
-47.6833,-26.25,"PMAP",2006
-48.35,-26.3333,"PMAP",2006
-48.3833,-26.3333,"PMAP",2006
-48.35,-26.3667,"PMAP",2006
-48.3333,-26.4,"PMAP",2006
-47.7583,-26.4111,"PMAP",2006
-47.6833,-26.4167,"PMAP",2006
-47.6922,-26.43,"PMAP",2006
-48.3,-26.4667,"PMAP",2006
-48.1667,-26.5,"PMAP",2006
-48.3167,-26.5,"PMAP",2006
-48.4167,-26.5,"PMAP",2006
-48.3167,-26.5167,"PMAP",2006
-48.4667,-26.55,"PMAP",2006
-48.1667,-26.5667,"PMAP",2006
-48.2069,-26.5667,"PMAP",2006
-48.2667,-26.5667,"PMAP",2006
-48.25,-26.5833,"PMAP",2006
-48.3333,-26.5833,"PMAP",2006
-48.4,-26.5833,"PMAP",2006
-48.5,-26.5833,"PMAP",2006
-48.3333,-26.6,"PMAP",2006
-48.3667,-26.6,"PMAP",2006
-48.4333,-26.6167,"PMAP",2006
-48.4222,-26.6333,"PMAP",2006
-48.25,-26.65,"PMAP",2006
-48.2667,-26.6667,"PMAP",2006
-48.3833,-26.6667,"PMAP",2006
-48.4667,-26.6833,"PMAP",2006
-48.1833,-26.7167,"PMAP",2006
-48.2583,-26.7175,"PMAP",2006
-48.3667,-26.75,"PMAP",2006
-48.3,-26.7667,"PMAP",2006
-48.45,-26.7667,"PMAP",2006
-48.45,-26.7833,"PMAP",2006
-48.5,-26.7833,"PMAP",2006
-48.4667,-26.8,"PMAP",2006
-48.4833,-26.8167,"PMAP",2006
-48.5333,-26.8167,"PMAP",2006
-48.2167,-26.8333,"PMAP",2006
-48.4,-26.8333,"PMAP",2006
-48.5167,-26.8333,"PMAP",2006
-48.5333,-26.8333,"PMAP",2006
-48.4,-26.85,"PMAP",2006
-48.45,-26.85,"PMAP",2006
-48.4667,-26.85,"PMAP",2006
-48.5,-26.85,"PMAP",2006
-48.3,-26.8667,"PMAP",2006
-48.4167,-26.8667,"PMAP",2006
-48.4333,-26.8667,"PMAP",2006
-48.45,-26.8667,"PMAP",2006
-48.5167,-26.8667,"PMAP",2006
-48.5333,-26.8667,"PMAP",2006
-48.4317,-26.8792,"PMAP",2006
-48.5172,-26.9003,"PMAP",2006
-48.3333,-26.9167,"PMAP",2006
-48.5167,-26.9333,"PMAP",2006
-48,-26.95,"PMAP",2006
-48.2506,-26.9503,"PMAP",2006
-48.4839,-26.9836,"PMAP",2006
-48.45,-27,"PMAP",2006
-48.25,-27.0167,"PMAP",2006
-48.4958,-27.0333,"PMAP",2006
-48.3028,-27.0347,"PMAP",2006
-48.3067,-27.0625,"PMAP",2006
-48.1333,-27.0667,"PMAP",2006
-48.2667,-27.0667,"PMAP",2006
-48.1833,-27.1586,"PMAP",2006
-49.4167,-29.2833,"PMAP",2006
-51.7833,-32.2667,"PMAP",2006
-40.5833,-21.9167,"PMAP",2008
-41.2167,-22.4167,"PMAP",2008
-41.6,-22.4833,"PMAP",2008
-41.5453,-22.5875,"PMAP",2008
-41.6214,-22.6078,"PMAP",2008
-41.5694,-22.6556,"PMAP",2008
-41.6375,-22.6611,"PMAP",2008
-41.65,-22.6667,"PMAP",2008
-41.7833,-22.6667,"PMAP",2008
-41.5233,-22.6861,"PMAP",2008
-41.65,-22.6875,"PMAP",2008
-41.6031,-22.7231,"PMAP",2008
-41.5517,-22.7367,"PMAP",2008
-41.5833,-22.75,"PMAP",2008
-41.6333,-22.75,"PMAP",2008
-41.56,-22.755,"PMAP",2008
-41.5533,-22.7561,"PMAP",2008
-41.5542,-22.7611,"PMAP",2008
-41.6392,-22.7742,"PMAP",2008
-41.7292,-22.7767,"PMAP",2008
-41.6769,-22.7856,"PMAP",2008
-41.7033,-22.7864,"PMAP",2008
-41.6,-22.8,"PMAP",2008
-41.6167,-22.8,"PMAP",2008
-41.6089,-22.8083,"PMAP",2008
-41.7167,-22.8167,"PMAP",2008
-41.7397,-22.825,"PMAP",2008
-41.7114,-22.8256,"PMAP",2008
-41.7867,-22.8278,"PMAP",2008
-41.7869,-22.8286,"PMAP",2008
-41.7086,-22.8367,"PMAP",2008
-41.6667,-22.85,"PMAP",2008
-41.7667,-22.8519,"PMAP",2008
-41.7183,-22.8531,"PMAP",2008
-41.6131,-22.8533,"PMAP",2008
-41.8361,-22.8556,"PMAP",2008
-41.8756,-22.8578,"PMAP",2008
-41.78,-22.8658,"PMAP",2008
-41.2833,-22.8667,"PMAP",2008
-41.7,-22.8667,"PMAP",2008
-41.7414,-22.8778,"PMAP",2008
-41.6667,-22.8833,"PMAP",2008
-41.7167,-22.8833,"PMAP",2008
-41.7136,-22.8883,"PMAP",2008
-41.8403,-22.8939,"PMAP",2008
-41.7969,-22.8975,"PMAP",2008
-41.8061,-22.9011,"PMAP",2008
-41.8681,-22.9017,"PMAP",2008
-41.7083,-22.9167,"PMAP",2008
-41.7167,-22.9167,"PMAP",2008
-41.8,-22.9167,"PMAP",2008
-41.8683,-22.9181,"PMAP",2008
-41.7125,-22.92,"PMAP",2008
-41.8633,-22.92,"PMAP",2008
-41.8261,-22.9211,"PMAP",2008
-41.7772,-22.925,"PMAP",2008
-41.8169,-22.925,"PMAP",2008
-41.9131,-22.9281,"PMAP",2008
-41.82,-22.93,"PMAP",2008
-41.8272,-22.93,"PMAP",2008
-41.8,-22.9333,"PMAP",2008
-41.9278,-22.9336,"PMAP",2008
-41.9217,-22.9361,"PMAP",2008
-41.82,-22.9383,"PMAP",2008
-41.8233,-22.94,"PMAP",2008
-41.8836,-22.9403,"PMAP",2008
-41.8075,-22.9422,"PMAP",2008
-41.8983,-22.9428,"PMAP",2008
-41.7169,-22.9478,"PMAP",2008
-41.7167,-22.95,"PMAP",2008
-41.75,-22.95,"PMAP",2008
-41.8167,-22.95,"PMAP",2008
-41.9025,-22.95,"PMAP",2008
-41.9172,-22.9514,"PMAP",2008
-41.8769,-22.9531,"PMAP",2008
-41.7756,-22.9556,"PMAP",2008
-41.7186,-22.9583,"PMAP",2008
-43.0294,-22.9608,"PMAP",2008
-41.9222,-22.9611,"PMAP",2008
-41.8236,-22.9631,"PMAP",2008
-41.7667,-22.9667,"PMAP",2008
-41.85,-22.9667,"PMAP",2008
-41.9189,-22.9667,"PMAP",2008
-42.2,-22.9667,"PMAP",2008
-41.9342,-22.9678,"PMAP",2008
-41.9361,-22.9678,"PMAP",2008
-41.9339,-22.9681,"PMAP",2008
-41.9417,-22.9683,"PMAP",2008
-41.9444,-22.9683,"PMAP",2008
-42.9528,-22.9692,"PMAP",2008
-41.9389,-22.9694,"PMAP",2008
-41.8128,-22.9728,"PMAP",2008
-41.7183,-22.9736,"PMAP",2008
-41.8,-22.9833,"PMAP",2008
-41.8167,-22.9833,"PMAP",2008
-41.8333,-22.9833,"PMAP",2008
-41.85,-22.9833,"PMAP",2008
-41.8667,-22.9833,"PMAP",2008
-41.9353,-22.9833,"PMAP",2008
-41.9356,-22.9833,"PMAP",2008
-42.2,-22.9833,"PMAP",2008
-42.4167,-22.9833,"PMAP",2008
-42.5,-22.9833,"PMAP",2008
-41.9528,-22.9842,"PMAP",2008
-41.9175,-22.9844,"PMAP",2008
-41.95,-22.9844,"PMAP",2008
-41.9528,-22.9847,"PMAP",2008
-41.9356,-22.9861,"PMAP",2008
-41.9519,-22.9861,"PMAP",2008
-41.9528,-22.9944,"PMAP",2008
-41.7781,-22.9956,"PMAP",2008
-41.9556,-22.9972,"PMAP",2008
-42.0725,-22.9997,"PMAP",2008
-41.7833,-23,"PMAP",2008
-41.8,-23,"PMAP",2008
-41.8333,-23,"PMAP",2008
-41.8667,-23,"PMAP",2008
-42.1667,-23,"PMAP",2008
-42.1833,-23,"PMAP",2008
-42.25,-23,"PMAP",2008
-41.9164,-23.0014,"PMAP",2008
-41.8822,-23.0075,"PMAP",2008
-41.9144,-23.0083,"PMAP",2008
-41.8167,-23.0167,"PMAP",2008
-41.8333,-23.0167,"PMAP",2008
-41.85,-23.0167,"PMAP",2008
-41.8667,-23.0167,"PMAP",2008
-42.0333,-23.0167,"PMAP",2008
-42.15,-23.0167,"PMAP",2008
-42.2333,-23.0167,"PMAP",2008
-42.4481,-23.0217,"PMAP",2008
-41.9206,-23.0256,"PMAP",2008
-41.8333,-23.0333,"PMAP",2008
-41.8667,-23.0333,"PMAP",2008
-42.05,-23.0333,"PMAP",2008
-42.1333,-23.0333,"PMAP",2008
-42.1667,-23.0333,"PMAP",2008
-41.9097,-23.0367,"PMAP",2008
-41.9011,-23.0386,"PMAP",2008
-42.3267,-23.0406,"PMAP",2008
-42.8744,-23.0431,"PMAP",2008
-42.0333,-23.05,"PMAP",2008
-42.1667,-23.05,"PMAP",2008
-44.55,-23.05,"PMAP",2008
-42.44,-23.0531,"PMAP",2008
-42.8744,-23.0583,"PMAP",2008
-42.3853,-23.0664,"PMAP",2008
-43.3222,-23.0689,"PMAP",2008
-41.9058,-23.0706,"PMAP",2008
-43.3019,-23.0806,"PMAP",2008
-43.3022,-23.0806,"PMAP",2008
-42.1167,-23.0833,"PMAP",2008
-42.3,-23.0833,"PMAP",2008
-44.0333,-23.0833,"PMAP",2008
-44.0833,-23.0833,"PMAP",2008
-43.9283,-23.105,"PMAP",2008
-42.9667,-23.1167,"PMAP",2008
-43.8,-23.1167,"PMAP",2008
-44.05,-23.1167,"PMAP",2008
-43.7081,-23.1211,"PMAP",2008
-43.8167,-23.1333,"PMAP",2008
-43.95,-23.15,"PMAP",2008
-43.8833,-23.1667,"PMAP",2008
-43.9333,-23.1667,"PMAP",2008
-43.2167,-23.1864,"PMAP",2008
-43.9744,-23.1969,"PMAP",2008
-42.3833,-23.2,"PMAP",2008
-44,-23.2,"PMAP",2008
-44.55,-23.2,"PMAP",2008
-43.7703,-23.2044,"PMAP",2008
-43.9167,-23.2167,"PMAP",2008
-44.5833,-23.2167,"PMAP",2008
-43.8764,-23.2225,"PMAP",2008
-44.5914,-23.2231,"PMAP",2008
-43.8683,-23.2306,"PMAP",2008
-44.0072,-23.2317,"PMAP",2008
-44.3003,-23.2525,"PMAP",2008
-44.3628,-23.2653,"PMAP",2008
-44.3717,-23.2717,"PMAP",2008
-44.4258,-23.2778,"PMAP",2008
-44.4664,-23.2778,"PMAP",2008
-44.4667,-23.3167,"PMAP",2008
-44.4833,-23.3167,"PMAP",2008
-44.3,-23.3181,"PMAP",2008
-44.3028,-23.3183,"PMAP",2008
-44.285,-23.3194,"PMAP",2008
-44.5289,-23.3211,"PMAP",2008
-43.1667,-23.3333,"PMAP",2008
-44.3,-23.3333,"PMAP",2008
-44.3014,-23.3333,"PMAP",2008
-44.3019,-23.3333,"PMAP",2008
-44.3194,-23.335,"PMAP",2008
-44.3186,-23.3358,"PMAP",2008
-44.3017,-23.3361,"PMAP",2008
-44.7833,-23.3667,"PMAP",2008
-44.3719,-23.375,"PMAP",2008
-44.7667,-23.3833,"PMAP",2008
-44.8,-23.3833,"PMAP",2008
-44.8167,-23.3833,"PMAP",2008
-44.5289,-23.3842,"PMAP",2008
-44.7939,-23.3889,"PMAP",2008
-44.8003,-23.395,"PMAP",2008
-44.8161,-23.395,"PMAP",2008
-44.7842,-23.3953,"PMAP",2008
-44.7833,-23.4,"PMAP",2008
-44.6222,-23.4033,"PMAP",2008
-44.7842,-23.4219,"PMAP",2008
-44.8333,-23.4333,"PMAP",2008
-44.85,-23.4333,"PMAP",2008
-44.7264,-23.4339,"PMAP",2008
-44.4667,-23.45,"PMAP",2008
-44.75,-23.45,"PMAP",2008
-44.8333,-23.45,"PMAP",2008
-44.8,-23.4667,"PMAP",2008
-44.8167,-23.4667,"PMAP",2008
-44.8333,-23.4667,"PMAP",2008
-44.85,-23.4667,"PMAP",2008
-44.8,-23.4833,"PMAP",2008
-44.8167,-23.4833,"PMAP",2008
-44.8667,-23.4833,"PMAP",2008
-44.5964,-23.4878,"PMAP",2008
-43.3333,-23.5,"PMAP",2008
-44.8333,-23.5,"PMAP",2008
-44.45,-23.5167,"PMAP",2008
-44.4667,-23.5167,"PMAP",2008
-44.8333,-23.5167,"PMAP",2008
-44.8667,-23.5167,"PMAP",2008
-43.3833,-23.5333,"PMAP",2008
-44.8833,-23.5333,"PMAP",2008
-44.9,-23.5333,"PMAP",2008
-44.3167,-23.5667,"PMAP",2008
-44.9333,-23.5833,"PMAP",2008
-44.9667,-23.5833,"PMAP",2008
-44.3003,-23.5883,"PMAP",2008
-44.31,-23.5917,"PMAP",2008
-44.0756,-23.5989,"PMAP",2008
-44.2667,-23.6167,"PMAP",2008
-44.1517,-23.6278,"PMAP",2008
-44.2822,-23.6278,"PMAP",2008
-44.3719,-23.6278,"PMAP",2008
-45.1667,-23.65,"PMAP",2008
-45.0389,-23.6531,"PMAP",2008
-45.1,-23.6667,"PMAP",2008
-45.1206,-23.6783,"PMAP",2008
-44.3167,-23.7,"PMAP",2008
-44.4533,-23.7,"PMAP",2008
-44.6167,-23.7,"PMAP",2008
-45.1333,-23.7,"PMAP",2008
-45.1733,-23.7031,"PMAP",2008
-43.1667,-23.7167,"PMAP",2008
-44.4167,-23.7167,"PMAP",2008
-44.5333,-23.7167,"PMAP",2008
-45.1667,-23.7167,"PMAP",2008
-44.4167,-23.75,"PMAP",2008
-44.5494,-23.7503,"PMAP",2008
-44.6167,-23.7667,"PMAP",2008
-44.4,-23.8,"PMAP",2008
-45.11,-23.8008,"PMAP",2008
-44.7067,-23.8292,"PMAP",2008
-45.0767,-23.8342,"PMAP",2008
-45.8228,-23.8642,"PMAP",2008
-44.65,-23.8833,"PMAP",2008
-44.7333,-23.8833,"PMAP",2008
-44.5667,-23.9,"PMAP",2008
-44.5839,-23.9167,"PMAP",2008
-45.8672,-23.9203,"PMAP",2008
-45.1111,-23.9392,"PMAP",2008
-46.4167,-24.05,"PMAP",2008
-46.2522,-24.14,"PMAP",2008
-46.4333,-24.15,"PMAP",2008
-46.2353,-24.1567,"PMAP",2008
-46.4167,-24.1833,"PMAP",2008
-46.1747,-24.2114,"PMAP",2008
-46.65,-24.2333,"PMAP",2008
-46.8781,-24.3631,"PMAP",2008
-46.7667,-24.5833,"PMAP",2008
-47.1333,-25.0833,"PMAP",2008
-47.2514,-25.0878,"PMAP",2008
-47.3,-25.1342,"PMAP",2008
-47.4278,-25.245,"PMAP",2008
-47.55,-25.3667,"PMAP",2008
-47.5597,-25.3675,"PMAP",2008
-47.5333,-25.3833,"PMAP",2008
-47.7833,-25.5167,"PMAP",2008
-47.7103,-25.5172,"PMAP",2008
-47.7483,-25.5614,"PMAP",2008
-47.8333,-25.6,"PMAP",2008
-48.0667,-25.7833,"PMAP",2008
-48.0706,-25.8464,"PMAP",2008
-48.1111,-25.8703,"PMAP",2008
-48.145,-25.8981,"PMAP",2008
-48.2267,-25.9083,"PMAP",2008
-48.0667,-25.9833,"PMAP",2008
-48.1675,-26.0172,"PMAP",2008
-48.1833,-26.05,"PMAP",2008
-48.1667,-26.0667,"PMAP",2008
-48.25,-26.0667,"PMAP",2008
-48.2833,-26.15,"PMAP",2008
-48.2667,-26.1667,"PMAP",2008
-48.1528,-26.1669,"PMAP",2008
-48.25,-26.1833,"PMAP",2008
-48.3108,-26.2122,"PMAP",2008
-48.2417,-26.2417,"PMAP",2008
-48.2367,-26.2433,"PMAP",2008
-48.2447,-26.2442,"PMAP",2008
-48.3167,-26.3333,"PMAP",2008
-48.3167,-26.3667,"PMAP",2008
-48.3833,-26.5,"PMAP",2008
-48.4897,-26.5006,"PMAP",2008
-48.5,-26.5167,"PMAP",2008
-48.4917,-26.525,"PMAP",2008
-48.4908,-26.5467,"PMAP",2008
-48.3856,-26.56,"PMAP",2008
-48.3833,-26.65,"PMAP",2008
-48.6078,-26.6522,"PMAP",2008
-48.4833,-26.6667,"PMAP",2008
-48.3333,-26.6833,"PMAP",2008
-48.4411,-26.6872,"PMAP",2008
-48.4236,-26.7067,"PMAP",2008
-48.5083,-26.7119,"PMAP",2008
-48.4167,-26.7167,"PMAP",2008
-48.45,-26.7167,"PMAP",2008
-48.4833,-26.7167,"PMAP",2008
-48.41,-26.7383,"PMAP",2008
-48.4014,-26.7428,"PMAP",2008
-48.5353,-26.78,"PMAP",2008
-48.375,-26.7936,"PMAP",2008
-48.3167,-26.8,"PMAP",2008
-48.2917,-26.8133,"PMAP",2008
-48.3408,-26.8256,"PMAP",2008
-48.1,-26.8333,"PMAP",2008
-48.4167,-26.8333,"PMAP",2008
-48.4667,-26.8333,"PMAP",2008
-48.0356,-26.8417,"PMAP",2008
-48.4917,-26.8461,"PMAP",2008
-48.0167,-26.85,"PMAP",2008
-48.5333,-26.85,"PMAP",2008
-48.4833,-26.8667,"PMAP",2008
-48.5058,-26.8794,"PMAP",2008
-48.5667,-26.8833,"PMAP",2008
-48.4736,-26.8842,"PMAP",2008
-48.4,-26.9,"PMAP",2008
-48.5083,-26.9067,"PMAP",2008
-48.3833,-26.9333,"PMAP",2008
-48.5,-26.9333,"PMAP",2008
-48.3889,-26.9336,"PMAP",2008
-48.0969,-26.9386,"PMAP",2008
-48.5086,-26.9458,"PMAP",2008
-48.4325,-26.9561,"PMAP",2008
-48.4833,-26.9667,"PMAP",2008
-48.4667,-26.9833,"PMAP",2008
-48.3117,-26.9939,"PMAP",2008
-48,-27,"PMAP",2008
-48.3333,-27,"PMAP",2008
-48.35,-27,"PMAP",2008
-48.3258,-27.0056,"PMAP",2008
-48.0953,-27.0083,"PMAP",2008
-48.2833,-27.0333,"PMAP",2008
-48.4333,-27.0333,"PMAP",2008
-48.2453,-27.0389,"PMAP",2008
-48.3286,-27.0439,"PMAP",2008
-48.3917,-27.0717,"PMAP",2008
-48.3531,-27.0797,"PMAP",2008
-48.4,-27.0833,"PMAP",2008
-48.2667,-27.1,"PMAP",2008
-48.5167,-27.1,"PMAP",2008
-48.3872,-27.1167,"PMAP",2008
-48.4083,-27.1378,"PMAP",2008
-48.25,-27.2667,"PMAP",2008
-48.2256,-27.3333,"PMAP",2008
-48.25,-27.3333,"PMAP",2008
-48.2708,-27.3511,"PMAP",2008
-48.2333,-27.3667,"PMAP",2008
-48.3,-27.45,"PMAP",2008
-48.3,-27.7833,"PMAP",2008
-48.2833,-27.8167,"PMAP",2008
-48.5,-27.8333,"PMAP",2008
-48.4667,-28.1333,"PMAP",2008
-48.6544,-28.4178,"PMAP",2008
-49.4481,-29.0922,"PMAP",2008
-50.6142,-31.1303,"PMAP",2008
-50.6475,-31.1469,"PMAP",2008
-41.6167,-22.5667,"PMAP",2009
-41.6667,-22.5833,"PMAP",2009
-41.8333,-22.6667,"PMAP",2009
-41.5667,-22.7,"PMAP",2009
-41.6833,-22.7,"PMAP",2009
-41.6633,-22.7447,"PMAP",2009
-41.55,-22.8,"PMAP",2009
-41.9236,-22.8086,"PMAP",2009
-41.7625,-22.8164,"PMAP",2009
-41.5431,-22.8306,"PMAP",2009
-41.8489,-22.8711,"PMAP",2009
-41.7833,-22.8833,"PMAP",2009
-41.5842,-22.8847,"PMAP",2009
-41.75,-22.9,"PMAP",2009
-41.8833,-22.9,"PMAP",2009
-41.6575,-22.9083,"PMAP",2009
-41.7367,-22.9186,"PMAP",2009
-41.6167,-22.95,"PMAP",2009
-41.7833,-22.95,"PMAP",2009
-42.2606,-22.9561,"PMAP",2009
-41.8167,-22.9667,"PMAP",2009
-41.8383,-22.9719,"PMAP",2009
-42.5436,-22.9939,"PMAP",2009
-42.12,-22.9956,"PMAP",2009
-41.8836,-23,"PMAP",2009
-42.0667,-23,"PMAP",2009
-43.8667,-23,"PMAP",2009
-42.0881,-23.0008,"PMAP",2009
-42.1072,-23.0031,"PMAP",2009
-41.9097,-23.0083,"PMAP",2009
-41.955,-23.0083,"PMAP",2009
-41.8486,-23.0103,"PMAP",2009
-42.205,-23.0106,"PMAP",2009
-42.5825,-23.0111,"PMAP",2009
-42.9233,-23.0131,"PMAP",2009
-41.0833,-23.0167,"PMAP",2009
-42.35,-23.0167,"PMAP",2009
-43.3667,-23.0167,"PMAP",2009
-44.0333,-23.0167,"PMAP",2009
-42.4653,-23.0319,"PMAP",2009
-42.4333,-23.0333,"PMAP",2009
-42.9,-23.0333,"PMAP",2009
-44.4333,-23.0333,"PMAP",2009
-42.8328,-23.0358,"PMAP",2009
-43.425,-23.0375,"PMAP",2009
-43.3033,-23.0417,"PMAP",2009
-43.0547,-23.0492,"PMAP",2009
-42.4833,-23.05,"PMAP",2009
-43.3333,-23.05,"PMAP",2009
-43.45,-23.05,"PMAP",2009
-43.2892,-23.0517,"PMAP",2009
-42.7667,-23.0519,"PMAP",2009
-42.7356,-23.0522,"PMAP",2009
-41.8625,-23.0536,"PMAP",2009
-42.4767,-23.0556,"PMAP",2009
-44.0417,-23.0625,"PMAP",2009
-42.8228,-23.0658,"PMAP",2009
-43.4006,-23.0664,"PMAP",2009
-44.1658,-23.0664,"PMAP",2009
-42.9333,-23.0667,"PMAP",2009
-42.9667,-23.0667,"PMAP",2009
-42.1019,-23.0728,"PMAP",2009
-42.9867,-23.0775,"PMAP",2009
-42.0836,-23.0811,"PMAP",2009
-42.7722,-23.0833,"PMAP",2009
-42.9333,-23.0833,"PMAP",2009
-42.95,-23.0833,"PMAP",2009
-43.35,-23.0833,"PMAP",2009
-43.6333,-23.0833,"PMAP",2009
-43.7333,-23.0833,"PMAP",2009
-43.95,-23.0833,"PMAP",2009
-42.3153,-23.0836,"PMAP",2009
-43.4211,-23.0844,"PMAP",2009
-43.2586,-23.0875,"PMAP",2009
-42.7283,-23.0925,"PMAP",2009
-43.1375,-23.0928,"PMAP",2009
-42.5475,-23.0992,"PMAP",2009
-41.8167,-23.1,"PMAP",2009
-42.6833,-23.1,"PMAP",2009
-42.85,-23.1,"PMAP",2009
-43.0167,-23.1,"PMAP",2009
-43.2667,-23.1,"PMAP",2009
-43.6833,-23.1,"PMAP",2009
-43.7,-23.1,"PMAP",2009
-44.35,-23.1,"PMAP",2009
-42.8417,-23.1008,"PMAP",2009
-43.0314,-23.1025,"PMAP",2009
-42.7789,-23.1042,"PMAP",2009
-44.0239,-23.1064,"PMAP",2009
-42.8744,-23.1081,"PMAP",2009
-44.075,-23.1111,"PMAP",2009
-42.225,-23.1119,"PMAP",2009
-43.0333,-23.1167,"PMAP",2009
-43.3667,-23.1167,"PMAP",2009
-43.4833,-23.1167,"PMAP",2009
-43.6,-23.1167,"PMAP",2009
-43.7333,-23.1167,"PMAP",2009
-43.75,-23.1167,"PMAP",2009
-43.9,-23.1167,"PMAP",2009
-43.9667,-23.1167,"PMAP",2009
-43.2933,-23.1172,"PMAP",2009
-43.3928,-23.1278,"PMAP",2009
-43.0167,-23.1333,"PMAP",2009
-43.3,-23.1333,"PMAP",2009
-43.3667,-23.1333,"PMAP",2009
-43.45,-23.1333,"PMAP",2009
-43.65,-23.1333,"PMAP",2009
-43.9167,-23.1333,"PMAP",2009
-43.95,-23.1333,"PMAP",2009
-43.9667,-23.1333,"PMAP",2009
-44,-23.1333,"PMAP",2009
-44.0333,-23.1333,"PMAP",2009
-42.1892,-23.1364,"PMAP",2009
-43.2056,-23.1364,"PMAP",2009
-43.6069,-23.1397,"PMAP",2009
-43.5,-23.15,"PMAP",2009
-43.6,-23.15,"PMAP",2009
-43.7167,-23.15,"PMAP",2009
-43.9,-23.15,"PMAP",2009
-43.9333,-23.15,"PMAP",2009
-44.05,-23.15,"PMAP",2009
-42.135,-23.1528,"PMAP",2009
-42.3392,-23.1533,"PMAP",2009
-43.1769,-23.1547,"PMAP",2009
-44.3861,-23.155,"PMAP",2009
-43.4314,-23.1556,"PMAP",2009
-44.0561,-23.1583,"PMAP",2009
-43.0364,-23.1636,"PMAP",2009
-42.65,-23.1667,"PMAP",2009
-42.95,-23.1667,"PMAP",2009
-43.1833,-23.1667,"PMAP",2009
-43.2833,-23.1667,"PMAP",2009
-43.4833,-23.1667,"PMAP",2009
-43.6667,-23.1667,"PMAP",2009
-43.7333,-23.1667,"PMAP",2009
-43.7667,-23.1667,"PMAP",2009
-43.8167,-23.1667,"PMAP",2009
-44,-23.1667,"PMAP",2009
-43.2972,-23.1675,"PMAP",2009
-43.0494,-23.1678,"PMAP",2009
-42.1733,-23.17,"PMAP",2009
-44.0706,-23.1756,"PMAP",2009
-44.025,-23.1778,"PMAP",2009
-42.64,-23.1819,"PMAP",2009
-41.9833,-23.1833,"PMAP",2009
-43.3,-23.1833,"PMAP",2009
-43.4333,-23.1833,"PMAP",2009
-43.6833,-23.1833,"PMAP",2009
-43.9667,-23.1833,"PMAP",2009
-44.05,-23.1833,"PMAP",2009
-43.935,-23.1836,"PMAP",2009
-43.9339,-23.1839,"PMAP",2009
-43.935,-23.1842,"PMAP",2009
-43.935,-23.1847,"PMAP",2009
-43.3244,-23.1856,"PMAP",2009
-43.6397,-23.1861,"PMAP",2009
-43.6578,-23.1878,"PMAP",2009
-43.0917,-23.1903,"PMAP",2009
-43.6397,-23.1908,"PMAP",2009
-43.3736,-23.1939,"PMAP",2009
-43.1667,-23.2,"PMAP",2009
-43.3333,-23.2,"PMAP",2009
-43.45,-23.2,"PMAP",2009
-43.6408,-23.2,"PMAP",2009
-43.65,-23.2,"PMAP",2009
-44.0333,-23.2,"PMAP",2009
-44.2167,-23.2,"PMAP",2009
-43.6731,-23.2044,"PMAP",2009
-42.9533,-23.2083,"PMAP",2009
-43.32,-23.2083,"PMAP",2009
-42.9533,-23.2089,"PMAP",2009
-43.1739,-23.2128,"PMAP",2009
-42.6,-23.2167,"PMAP",2009
-42.8833,-23.2167,"PMAP",2009
-43.2167,-23.2167,"PMAP",2009
-43.2333,-23.2167,"PMAP",2009
-43.3333,-23.2167,"PMAP",2009
-43.5,-23.2167,"PMAP",2009
-43.5667,-23.2167,"PMAP",2009
-44.0833,-23.2167,"PMAP",2009
-44.2,-23.2167,"PMAP",2009
-44.2333,-23.2167,"PMAP",2009
-44.4167,-23.2167,"PMAP",2009
-43.1006,-23.2169,"PMAP",2009
-43.2303,-23.2314,"PMAP",2009
-43.1008,-23.2333,"PMAP",2009
-43.4833,-23.2333,"PMAP",2009
-43.5667,-23.2333,"PMAP",2009
-43.6167,-23.2333,"PMAP",2009
-43.9339,-23.2333,"PMAP",2009
-44.1,-23.2333,"PMAP",2009
-44.1333,-23.2333,"PMAP",2009
-43.0583,-23.2336,"PMAP",2009
-42.1031,-23.2347,"PMAP",2009
-42.2722,-23.2378,"PMAP",2009
-42.2892,-23.2389,"PMAP",2009
-43.7031,-23.2389,"PMAP",2009
-44.395,-23.2439,"PMAP",2009
-44.395,-23.2447,"PMAP",2009
-43.205,-23.2472,"PMAP",2009
-42.5133,-23.2497,"PMAP",2009
-43.5006,-23.25,"PMAP",2009
-43.5008,-23.25,"PMAP",2009
-43.5833,-23.25,"PMAP",2009
-43.7,-23.25,"PMAP",2009
-43.9667,-23.25,"PMAP",2009
-43.5033,-23.2533,"PMAP",2009
-43.7378,-23.2533,"PMAP",2009
-42.0892,-23.2719,"PMAP",2009
-44.2786,-23.2778,"PMAP",2009
-44.3069,-23.2822,"PMAP",2009
-43.05,-23.2833,"PMAP",2009
-43.0667,-23.2833,"PMAP",2009
-43.45,-23.2833,"PMAP",2009
-44.2303,-23.2847,"PMAP",2009
-43.4364,-23.2853,"PMAP",2009
-43.7914,-23.2939,"PMAP",2009
-44.2261,-23.295,"PMAP",2009
-42.3,-23.3,"PMAP",2009
-43.3833,-23.3,"PMAP",2009
-43.8833,-23.3,"PMAP",2009
-43.6086,-23.3047,"PMAP",2009
-41.6667,-23.3167,"PMAP",2009
-43.4,-23.3167,"PMAP",2009
-43.6333,-23.3167,"PMAP",2009
-44,-23.3167,"PMAP",2009
-41.6667,-23.3333,"PMAP",2009
-41.7167,-23.3333,"PMAP",2009
-43.1833,-23.3333,"PMAP",2009
-43.2167,-23.3333,"PMAP",2009
-43.55,-23.3333,"PMAP",2009
-43.3836,-23.3378,"PMAP",2009
-43.6544,-23.3383,"PMAP",2009
-42.5083,-23.35,"PMAP",2009
-43.6,-23.35,"PMAP",2009
-44.2833,-23.4167,"PMAP",2009
-44.3167,-23.4167,"PMAP",2009
-41.8,-23.4333,"PMAP",2009
-43.8833,-23.45,"PMAP",2009
-43.9,-23.45,"PMAP",2009
-44.2833,-23.45,"PMAP",2009
-44.6167,-23.45,"PMAP",2009
-44.9622,-23.4583,"PMAP",2009
-41.7667,-23.4667,"PMAP",2009
-43.8667,-23.4667,"PMAP",2009
-43.9167,-23.4667,"PMAP",2009
-43.6722,-23.4792,"PMAP",2009
-41.7,-23.4833,"PMAP",2009
-44.5983,-23.4975,"PMAP",2009
-41.6667,-23.5,"PMAP",2009
-43.2167,-23.5,"PMAP",2009
-44.2617,-23.5144,"PMAP",2009
-43.2,-23.5167,"PMAP",2009
-43.2167,-23.5167,"PMAP",2009
-43.9833,-23.5167,"PMAP",2009
-44.6833,-23.5167,"PMAP",2009
-44.7419,-23.5297,"PMAP",2009
-41.85,-23.5333,"PMAP",2009
-43.0722,-23.5333,"PMAP",2009
-44.6144,-23.5367,"PMAP",2009
-44.69,-23.5439,"PMAP",2009
-44.05,-23.55,"PMAP",2009
-44.3,-23.55,"PMAP",2009
-43.0864,-23.5669,"PMAP",2009
-44.44,-23.5675,"PMAP",2009
-44.4078,-23.5981,"PMAP",2009
-44.29,-23.6178,"PMAP",2009
-43.0039,-23.6197,"PMAP",2009
-44.3133,-23.6278,"PMAP",2009
-44.2197,-23.6372,"PMAP",2009
-44.3364,-23.7006,"PMAP",2009
-44.7375,-23.7172,"PMAP",2009
-43.6833,-23.7333,"PMAP",2009
-44.76,-23.7919,"PMAP",2009
-43.6833,-23.8167,"PMAP",2009
-44.4167,-23.8167,"PMAP",2009
-43.695,-23.9989,"PMAP",2009
-43.6956,-23.9994,"PMAP",2009
-44.7667,-24.0667,"PMAP",2009
-46.5183,-24.425,"PMAP",2009
-46.5364,-24.4256,"PMAP",2009
-46.7506,-24.43,"PMAP",2009
-46.9356,-24.5172,"PMAP",2009
-46.5467,-24.55,"PMAP",2009
-46.8167,-24.55,"PMAP",2009
-46.8667,-24.55,"PMAP",2009
-46.5533,-24.5556,"PMAP",2009
-46.9772,-24.5589,"PMAP",2009
-47.0019,-24.6125,"PMAP",2009
-46.7953,-24.7047,"PMAP",2009
-46.76,-24.7275,"PMAP",2009
-46.8092,-24.7342,"PMAP",2009
-46.6786,-24.7361,"PMAP",2009
-46.8303,-24.7644,"PMAP",2009
-46.8067,-24.7803,"PMAP",2009
-47.0597,-24.7922,"PMAP",2009
-46.9728,-24.7975,"PMAP",2009
-46.725,-24.8139,"PMAP",2009
-46.8667,-24.8333,"PMAP",2009
-47.1,-24.8453,"PMAP",2009
-47.1997,-24.8867,"PMAP",2009
-47.2211,-24.9089,"PMAP",2009
-46.9136,-24.97,"PMAP",2009
-47.235,-24.9931,"PMAP",2009
-47.5833,-25.45,"PMAP",2009
-48.2036,-25.4728,"PMAP",2009
-48,-25.8167,"PMAP",2009
-48.15,-26.0167,"PMAP",2009
-48.1594,-26.0942,"PMAP",2009
-48.4633,-26.1222,"PMAP",2009
-48.4,-26.2,"PMAP",2009
-48.35,-26.2333,"PMAP",2009
-48.3972,-26.2333,"PMAP",2009
-48.25,-26.25,"PMAP",2009
-48.4333,-26.2667,"PMAP",2009
-48.4,-26.3,"PMAP",2009
-48.5,-26.3,"PMAP",2009
-47.95,-26.3167,"PMAP",2009
-48.2833,-26.3333,"PMAP",2009
-48.4667,-26.3333,"PMAP",2009
-47.9167,-26.3667,"PMAP",2009
-48.2142,-26.43,"PMAP",2009
-48.1833,-26.4333,"PMAP",2009
-48.5022,-26.4719,"PMAP",2009
-48.4167,-26.4833,"PMAP",2009
-48.2,-26.5,"PMAP",2009
-48.2667,-26.5,"PMAP",2009
-48.2167,-26.55,"PMAP",2009
-48.5,-26.55,"PMAP",2009
-48.2,-26.5667,"PMAP",2009
-48.4644,-26.6456,"PMAP",2009
-48.5833,-26.6667,"PMAP",2009
-48.4,-26.7167,"PMAP",2009
-48.55,-26.7167,"PMAP",2009
-48.4667,-26.7333,"PMAP",2009
-48.4428,-26.7633,"PMAP",2009
-48.2431,-26.7889,"PMAP",2009
-48.3833,-26.8167,"PMAP",2009
-48.6,-26.8167,"PMAP",2009
-47.9856,-26.8386,"PMAP",2009
-48.4833,-26.85,"PMAP",2009
-48.3167,-26.8667,"PMAP",2009
-48.0667,-26.9,"PMAP",2009
-48.45,-26.9,"PMAP",2009
-48.4667,-26.9,"PMAP",2009
-48.3667,-26.95,"PMAP",2009
-48.45,-26.9667,"PMAP",2009
-48.4667,-26.9667,"PMAP",2009
-48.45,-26.9833,"PMAP",2009
-48.4833,-26.9833,"PMAP",2009
-48.4333,-27,"PMAP",2009
-48.4333,-27.0167,"PMAP",2009
-48.4881,-27.0383,"PMAP",2009
-48.4964,-27.0981,"PMAP",2009
-48.4,-27.1,"PMAP",2009
-48.4333,-27.1,"PMAP",2009
-48.3833,-28.4333,"PMAP",2009
-49.13,-29.1197,"PMAP",2009
-43.4744,-23.1428,"PMAP",2009
-46.2833,-24.2667,"PMAP",2009
-46.2825,-24.2939,"PMAP",2009
-46.7772,-24.3908,"PMAP",2009
-46.7406,-24.4642,"PMAP",2009
-46.6383,-24.5497,"PMAP",2009
-46.6,-24.6,"PMAP",2009
-46.8333,-24.6,"PMAP",2009
-46.9667,-24.6667,"PMAP",2009
-46.9833,-24.7,"PMAP",2009
-46.7667,-24.75,"PMAP",2009
-46.9956,-24.7806,"PMAP",2009
-47.1333,-24.8333,"PMAP",2009
-47.1953,-24.9194,"PMAP",2009
-47.0933,-24.925,"PMAP",2009
-47.3828,-25.0833,"PMAP",2009
-47.4833,-25.1833,"PMAP",2009
-47.7667,-25.3667,"PMAP",2009
-47.5889,-25.475,"PMAP",2009
-47.9253,-25.475,"PMAP",2009
-48.455,-26.1067,"PMAP",2009
-48.4433,-26.155,"PMAP",2009
-48.0333,-26.1833,"PMAP",2009
-48.0325,-26.2233,"PMAP",2009
-48.1833,-26.3,"PMAP",2009
-48.4167,-26.3,"PMAP",2009
-48.25,-26.35,"PMAP",2009
-48.2167,-26.4167,"PMAP",2009
-48.2533,-26.4336,"PMAP",2009
-48.3083,-26.44,"PMAP",2009
-48.1833,-26.45,"PMAP",2009
-48.3667,-26.45,"PMAP",2009
-48.3192,-26.4606,"PMAP",2009
-48.5,-26.4833,"PMAP",2009
-48.6019,-26.525,"PMAP",2009
-48.3833,-26.55,"PMAP",2009
-48.5833,-26.55,"PMAP",2009
-48.2553,-26.5531,"PMAP",2009
-48.2167,-26.6167,"PMAP",2009
-48.5167,-26.6167,"PMAP",2009
-48.55,-26.6167,"PMAP",2009
-48.3464,-26.6522,"PMAP",2009
-48.4167,-26.6667,"PMAP",2009
-48.1167,-26.6833,"PMAP",2009
-48.6053,-26.6994,"PMAP",2009
-48.3106,-26.7314,"PMAP",2009
-48.3828,-26.735,"PMAP",2009
-48.35,-26.7667,"PMAP",2009
-48.38,-26.7731,"PMAP",2009
-47.9167,-26.8,"PMAP",2009
-48.3333,-26.8333,"PMAP",2009
-48.35,-26.8333,"PMAP",2009
-48.3114,-26.8419,"PMAP",2009
-48.4336,-26.86,"PMAP",2009
-48.3,-26.9167,"PMAP",2009
-48.4831,-26.9344,"PMAP",2009
-48.4831,-26.9564,"PMAP",2009
-48.4667,-27.0833,"PMAP",2009
-48.4333,-27.1167,"PMAP",2009
-41.1833,-22.2667,"PMAP",2010
-41.3667,-22.3,"PMAP",2010
-41.4,-22.3667,"PMAP",2010
-41.4833,-22.3667,"PMAP",2010
-41.3333,-22.3833,"PMAP",2010
-41.35,-22.3833,"PMAP",2010
-41.4333,-22.3833,"PMAP",2010
-41.3,-22.4,"PMAP",2010
-41.3167,-22.4,"PMAP",2010
-41.3333,-22.4,"PMAP",2010
-41.3667,-22.4,"PMAP",2010
-41.3833,-22.4,"PMAP",2010
-41.4,-22.4,"PMAP",2010
-41.4167,-22.4,"PMAP",2010
-41.4333,-22.4,"PMAP",2010
-41.4667,-22.4,"PMAP",2010
-41.4833,-22.4,"PMAP",2010
-41.5167,-22.4,"PMAP",2010
-41.5333,-22.4,"PMAP",2010
-41.5833,-22.4,"PMAP",2010
-41.3,-22.4167,"PMAP",2010
-41.35,-22.4167,"PMAP",2010
-41.3667,-22.4167,"PMAP",2010
-41.3833,-22.4167,"PMAP",2010
-41.4,-22.4167,"PMAP",2010
-41.4167,-22.4167,"PMAP",2010
-41.4333,-22.4167,"PMAP",2010
-41.45,-22.4167,"PMAP",2010
-41.4667,-22.4167,"PMAP",2010
-41.4833,-22.4167,"PMAP",2010
-41.5,-22.4167,"PMAP",2010
-41.5833,-22.4167,"PMAP",2010
-41.6167,-22.4167,"PMAP",2010
-41.6333,-22.4167,"PMAP",2010
-41.35,-22.4333,"PMAP",2010
-41.4,-22.4333,"PMAP",2010
-41.4167,-22.4333,"PMAP",2010
-41.4333,-22.4333,"PMAP",2010
-41.4833,-22.4333,"PMAP",2010
-41.5,-22.4333,"PMAP",2010
-41.5333,-22.4333,"PMAP",2010
-41.55,-22.4333,"PMAP",2010
-41.5667,-22.4333,"PMAP",2010
-41.5833,-22.4333,"PMAP",2010
-41.6,-22.4333,"PMAP",2010
-41.6333,-22.4333,"PMAP",2010
-41.25,-22.45,"PMAP",2010
-41.3333,-22.45,"PMAP",2010
-41.3833,-22.45,"PMAP",2010
-41.4167,-22.45,"PMAP",2010
-41.4833,-22.45,"PMAP",2010
-41.5167,-22.45,"PMAP",2010
-41.55,-22.45,"PMAP",2010
-41.5667,-22.45,"PMAP",2010
-41.5833,-22.45,"PMAP",2010
-41.6,-22.45,"PMAP",2010
-41.6167,-22.45,"PMAP",2010
-41.65,-22.45,"PMAP",2010
-41.4025,-22.4517,"PMAP",2010
-41.2667,-22.4667,"PMAP",2010
-41.3,-22.4667,"PMAP",2010
-41.3667,-22.4667,"PMAP",2010
-41.3833,-22.4667,"PMAP",2010
-41.4,-22.4667,"PMAP",2010
-41.4167,-22.4667,"PMAP",2010
-41.4833,-22.4667,"PMAP",2010
-41.5667,-22.4667,"PMAP",2010
-41.5833,-22.4667,"PMAP",2010
-41.2667,-22.4833,"PMAP",2010
-41.3667,-22.4833,"PMAP",2010
-41.3833,-22.4833,"PMAP",2010
-41.4,-22.4833,"PMAP",2010
-41.5,-22.4833,"PMAP",2010
-41.55,-22.4833,"PMAP",2010
-41.5667,-22.4833,"PMAP",2010
-41.5833,-22.4833,"PMAP",2010
-41.7833,-22.4833,"PMAP",2010
-41.8,-22.4833,"PMAP",2010
-41.2667,-22.5,"PMAP",2010
-41.2833,-22.5,"PMAP",2010
-41.35,-22.5,"PMAP",2010
-41.3667,-22.5,"PMAP",2010
-41.5333,-22.5,"PMAP",2010
-41.55,-22.5,"PMAP",2010
-41.6167,-22.5,"PMAP",2010
-41.6333,-22.5,"PMAP",2010
-41.8,-22.5,"PMAP",2010
-41.2667,-22.5167,"PMAP",2010
-41.2833,-22.5167,"PMAP",2010
-41.3333,-22.5167,"PMAP",2010
-41.35,-22.5167,"PMAP",2010
-41.4,-22.5167,"PMAP",2010
-41.5,-22.5167,"PMAP",2010
-41.5167,-22.5167,"PMAP",2010
-41.5833,-22.5167,"PMAP",2010
-41.6,-22.5167,"PMAP",2010
-41.6167,-22.5167,"PMAP",2010
-41.6333,-22.5167,"PMAP",2010
-41.7667,-22.5167,"PMAP",2010
-41.8,-22.5167,"PMAP",2010
-41.3667,-22.5333,"PMAP",2010
-41.65,-22.5333,"PMAP",2010
-41.75,-22.5333,"PMAP",2010
-41.7667,-22.5333,"PMAP",2010
-41.8,-22.5333,"PMAP",2010
-41.8167,-22.5333,"PMAP",2010
-41.8333,-22.5333,"PMAP",2010
-41.5833,-22.55,"PMAP",2010
-41.6333,-22.55,"PMAP",2010
-41.8333,-22.55,"PMAP",2010
-41.9,-22.55,"PMAP",2010
-41.4667,-22.5667,"PMAP",2010
-41.6,-22.5667,"PMAP",2010
-41.6333,-22.5667,"PMAP",2010
-41.6667,-22.5667,"PMAP",2010
-41.7,-22.5667,"PMAP",2010
-41.7333,-22.5667,"PMAP",2010
-41.8333,-22.5667,"PMAP",2010
-41.85,-22.5667,"PMAP",2010
-41.3833,-22.5833,"PMAP",2010
-41.4667,-22.5833,"PMAP",2010
-41.4833,-22.5833,"PMAP",2010
-41.5167,-22.5833,"PMAP",2010
-41.55,-22.5833,"PMAP",2010
-41.6,-22.5833,"PMAP",2010
-41.6167,-22.5833,"PMAP",2010
-41.6333,-22.5833,"PMAP",2010
-41.7167,-22.5833,"PMAP",2010
-41.8333,-22.5833,"PMAP",2010
-41.8833,-22.5833,"PMAP",2010
-41.9667,-22.5833,"PMAP",2010
-41.4667,-22.6,"PMAP",2010
-41.4833,-22.6,"PMAP",2010
-41.5333,-22.6,"PMAP",2010
-41.5583,-22.6,"PMAP",2010
-41.5833,-22.6,"PMAP",2010
-41.6833,-22.6,"PMAP",2010
-41.7,-22.6,"PMAP",2010
-41.7167,-22.6,"PMAP",2010
-41.7333,-22.6,"PMAP",2010
-41.5167,-22.6167,"PMAP",2010
-41.55,-22.6167,"PMAP",2010
-41.5667,-22.6167,"PMAP",2010
-41.5833,-22.6167,"PMAP",2010
-41.6,-22.6167,"PMAP",2010
-41.6167,-22.6167,"PMAP",2010
-41.7,-22.6167,"PMAP",2010
-41.7333,-22.6167,"PMAP",2010
-41.75,-22.6167,"PMAP",2010
-41.7667,-22.6167,"PMAP",2010
-40.7333,-22.6333,"PMAP",2010
-41.45,-22.6333,"PMAP",2010
-41.5833,-22.6333,"PMAP",2010
-41.75,-22.6333,"PMAP",2010
-41.7833,-22.6333,"PMAP",2010
-41.8,-22.6333,"PMAP",2010
-41.2333,-22.65,"PMAP",2010
-41.45,-22.65,"PMAP",2010
-41.4667,-22.65,"PMAP",2010
-41.55,-22.65,"PMAP",2010
-41.6167,-22.65,"PMAP",2010
-41.65,-22.65,"PMAP",2010
-41.6833,-22.65,"PMAP",2010
-41.7333,-22.65,"PMAP",2010
-41.7833,-22.65,"PMAP",2010
-41.9,-22.65,"PMAP",2010
-41.6528,-22.6503,"PMAP",2010
-41.2333,-22.6667,"PMAP",2010
-41.45,-22.6667,"PMAP",2010
-41.5,-22.6667,"PMAP",2010
-41.5167,-22.6667,"PMAP",2010
-41.6167,-22.6667,"PMAP",2010
-41.6667,-22.6667,"PMAP",2010
-41.2167,-22.6833,"PMAP",2010
-41.6667,-22.6833,"PMAP",2010
-41.7,-22.6833,"PMAP",2010
-41.7833,-22.6833,"PMAP",2010
-41.9,-22.6833,"PMAP",2010
-41.5,-22.7,"PMAP",2010
-41.5833,-22.7,"PMAP",2010
-41.6167,-22.7,"PMAP",2010
-41.7167,-22.7,"PMAP",2010
-41.7833,-22.7,"PMAP",2010
-41.8,-22.7,"PMAP",2010
-41.8167,-22.7,"PMAP",2010
-41.8333,-22.7,"PMAP",2010
-41.3833,-22.7167,"PMAP",2010
-41.4333,-22.7167,"PMAP",2010
-41.4833,-22.7167,"PMAP",2010
-41.6333,-22.7167,"PMAP",2010
-41.7,-22.7167,"PMAP",2010
-41.7167,-22.7167,"PMAP",2010
-41.7833,-22.7167,"PMAP",2010
-41.8,-22.7167,"PMAP",2010
-41.4333,-22.7333,"PMAP",2010
-41.6,-22.7333,"PMAP",2010
-41.65,-22.7333,"PMAP",2010
-41.7,-22.7333,"PMAP",2010
-41.8167,-22.7333,"PMAP",2010
-41.8667,-22.7333,"PMAP",2010
-41.2167,-22.75,"PMAP",2010
-41.2333,-22.75,"PMAP",2010
-41.6,-22.75,"PMAP",2010
-41.6167,-22.75,"PMAP",2010
-41.6667,-22.75,"PMAP",2010
-41.6833,-22.75,"PMAP",2010
-41.7167,-22.75,"PMAP",2010
-41.4833,-22.7667,"PMAP",2010
-41.55,-22.7667,"PMAP",2010
-41.6,-22.7667,"PMAP",2010
-41.6167,-22.7667,"PMAP",2010
-41.6333,-22.7667,"PMAP",2010
-41.6833,-22.7667,"PMAP",2010
-41.75,-22.7667,"PMAP",2010
-41.7667,-22.7667,"PMAP",2010
-41.6167,-22.7833,"PMAP",2010
-41.6333,-22.7833,"PMAP",2010
-41.6833,-22.7833,"PMAP",2010
-41.7167,-22.7833,"PMAP",2010
-41.85,-22.7833,"PMAP",2010
-41.8833,-22.7833,"PMAP",2010
-41.4667,-22.8,"PMAP",2010
-41.5,-22.8,"PMAP",2010
-41.6667,-22.8,"PMAP",2010
-41.7,-22.8,"PMAP",2010
-41.75,-22.8,"PMAP",2010
-41.7028,-22.8003,"PMAP",2010
-41.6667,-22.8028,"PMAP",2010
-41.4667,-22.8167,"PMAP",2010
-41.6833,-22.8167,"PMAP",2010
-41.4333,-22.8333,"PMAP",2010
-41.45,-22.8333,"PMAP",2010
-41.5833,-22.8333,"PMAP",2010
-41.6333,-22.8333,"PMAP",2010
-41.6667,-22.8333,"PMAP",2010
-41.7,-22.8333,"PMAP",2010
-41.7833,-22.8333,"PMAP",2010
-41.8,-22.8333,"PMAP",2010
-41.85,-22.8333,"PMAP",2010
-41.9167,-22.8333,"PMAP",2010
-41.3667,-22.85,"PMAP",2010
-41.5,-22.85,"PMAP",2010
-41.5333,-22.85,"PMAP",2010
-41.55,-22.85,"PMAP",2010
-41.6333,-22.85,"PMAP",2010
-41.8,-22.85,"PMAP",2010
-41.6667,-22.8667,"PMAP",2010
-41.85,-22.8667,"PMAP",2010
-41.8833,-22.8667,"PMAP",2010
-41.9167,-22.8667,"PMAP",2010
-41.5,-22.8833,"PMAP",2010
-41.55,-22.8833,"PMAP",2010
-41.6,-22.8833,"PMAP",2010
-41.6083,-22.8833,"PMAP",2010
-41.6167,-22.8833,"PMAP",2010
-41.7667,-22.8833,"PMAP",2010
-41.8167,-22.8833,"PMAP",2010
-41.85,-22.8833,"PMAP",2010
-41.8833,-22.8833,"PMAP",2010
-41.9167,-22.8833,"PMAP",2010
-41.2333,-22.9,"PMAP",2010
-41.5167,-22.9,"PMAP",2010
-41.5833,-22.9,"PMAP",2010
-41.7667,-22.9,"PMAP",2010
-41.8,-22.9,"PMAP",2010
-41.8333,-22.9,"PMAP",2010
-41.85,-22.9,"PMAP",2010
-41.8667,-22.9,"PMAP",2010
-41.9,-22.9,"PMAP",2010
-41.9167,-22.9,"PMAP",2010
-41.9333,-22.9,"PMAP",2010
-41.4167,-22.9167,"PMAP",2010
-41.5,-22.9167,"PMAP",2010
-41.6167,-22.9167,"PMAP",2010
-41.6833,-22.9167,"PMAP",2010
-41.7333,-22.9167,"PMAP",2010
-41.8833,-22.9167,"PMAP",2010
-41.9,-22.9167,"PMAP",2010
-41.9833,-22.9167,"PMAP",2010
-41.4333,-22.9333,"PMAP",2010
-41.5,-22.9333,"PMAP",2010
-41.55,-22.9333,"PMAP",2010
-41.5833,-22.9333,"PMAP",2010
-41.6333,-22.9333,"PMAP",2010
-41.65,-22.9333,"PMAP",2010
-41.75,-22.9333,"PMAP",2010
-41.7667,-22.9333,"PMAP",2010
-41.85,-22.9333,"PMAP",2010
-41.8833,-22.9333,"PMAP",2010
-41.9,-22.9333,"PMAP",2010
-41.9333,-22.9333,"PMAP",2010
-41.9667,-22.9333,"PMAP",2010
-41.5667,-22.95,"PMAP",2010
-41.7667,-22.95,"PMAP",2010
-41.8667,-22.95,"PMAP",2010
-41.8833,-22.95,"PMAP",2010
-41.9,-22.95,"PMAP",2010
-41.4,-22.9667,"PMAP",2010
-41.4167,-22.9667,"PMAP",2010
-41.45,-22.9667,"PMAP",2010
-41.6333,-22.9667,"PMAP",2010
-41.65,-22.9667,"PMAP",2010
-41.6667,-22.9667,"PMAP",2010
-41.9167,-22.9667,"PMAP",2010
-41.9333,-22.9667,"PMAP",2010
-42.2667,-22.9667,"PMAP",2010
-42.3833,-22.9667,"PMAP",2010
-42.4,-22.9667,"PMAP",2010
-42.4833,-22.9667,"PMAP",2010
-42.5,-22.9667,"PMAP",2010
-42.5167,-22.9667,"PMAP",2010
-41.45,-22.9833,"PMAP",2010
-41.55,-22.9833,"PMAP",2010
-41.5833,-22.9833,"PMAP",2010
-41.65,-22.9833,"PMAP",2010
-41.6667,-22.9833,"PMAP",2010
-41.7167,-22.9833,"PMAP",2010
-41.75,-22.9833,"PMAP",2010
-41.7667,-22.9833,"PMAP",2010
-41.7833,-22.9833,"PMAP",2010
-42.4667,-22.9833,"PMAP",2010
-42.5194,-22.9833,"PMAP",2010
-42.5667,-22.9833,"PMAP",2010
-42.7,-22.9833,"PMAP",2010
-42.9,-22.9833,"PMAP",2010
-42.9333,-22.9833,"PMAP",2010
-43.0333,-22.9833,"PMAP",2010
-42.6833,-22.9861,"PMAP",2010
-41.5667,-23,"PMAP",2010
-41.5833,-23,"PMAP",2010
-41.6667,-23,"PMAP",2010
-41.75,-23,"PMAP",2010
-41.7528,-23,"PMAP",2010
-41.9333,-23,"PMAP",2010
-42.3167,-23,"PMAP",2010
-42.35,-23,"PMAP",2010
-42.5167,-23,"PMAP",2010
-42.6,-23,"PMAP",2010
-42.6667,-23,"PMAP",2010
-42.6833,-23,"PMAP",2010
-42.7167,-23,"PMAP",2010
-42.7667,-23,"PMAP",2010
-42.8333,-23,"PMAP",2010
-42.95,-23,"PMAP",2010
-43,-23,"PMAP",2010
-43.05,-23,"PMAP",2010
-43.0833,-23,"PMAP",2010
-43.3,-23,"PMAP",2010
-41.4667,-23.0167,"PMAP",2010
-41.5667,-23.0167,"PMAP",2010
-41.7667,-23.0167,"PMAP",2010
-41.8833,-23.0167,"PMAP",2010
-42.5,-23.0167,"PMAP",2010
-42.6333,-23.0167,"PMAP",2010
-42.7167,-23.0167,"PMAP",2010
-42.7667,-23.0167,"PMAP",2010
-43.05,-23.0167,"PMAP",2010
-41.5667,-23.0258,"PMAP",2010
-41.55,-23.0333,"PMAP",2010
-42.4,-23.0333,"PMAP",2010
-42.4833,-23.0333,"PMAP",2010
-42.5167,-23.0333,"PMAP",2010
-42.5333,-23.0333,"PMAP",2010
-42.55,-23.0333,"PMAP",2010
-42.6,-23.0333,"PMAP",2010
-42.6333,-23.0333,"PMAP",2010
-42.75,-23.0333,"PMAP",2010
-43.0333,-23.0333,"PMAP",2010
-43.05,-23.0333,"PMAP",2010
-43.15,-23.0333,"PMAP",2010
-43.1833,-23.0333,"PMAP",2010
-43.3167,-23.0333,"PMAP",2010
-43.3667,-23.0333,"PMAP",2010
-43.4167,-23.0333,"PMAP",2010
-43.7833,-23.0333,"PMAP",2010
-43.95,-23.0333,"PMAP",2010
-44.4667,-23.0333,"PMAP",2010
-44.4697,-23.0361,"PMAP",2010
-41.5333,-23.05,"PMAP",2010
-42.35,-23.05,"PMAP",2010
-42.55,-23.05,"PMAP",2010
-42.6333,-23.05,"PMAP",2010
-42.9833,-23.05,"PMAP",2010
-43.0667,-23.05,"PMAP",2010
-43.35,-23.05,"PMAP",2010
-43.3833,-23.05,"PMAP",2010
-43.4167,-23.05,"PMAP",2010
-43.4333,-23.05,"PMAP",2010
-43.4667,-23.05,"PMAP",2010
-43.5,-23.05,"PMAP",2010
-43.95,-23.05,"PMAP",2010
-44.0333,-23.05,"PMAP",2010
-44.1,-23.05,"PMAP",2010
-44.1333,-23.05,"PMAP",2010
-42.7736,-23.0625,"PMAP",2010
-42.5,-23.0667,"PMAP",2010
-42.55,-23.0667,"PMAP",2010
-42.6,-23.0667,"PMAP",2010
-42.6667,-23.0667,"PMAP",2010
-42.8,-23.0667,"PMAP",2010
-42.85,-23.0667,"PMAP",2010
-42.9,-23.0667,"PMAP",2010
-42.95,-23.0667,"PMAP",2010
-43,-23.0667,"PMAP",2010
-43.05,-23.0667,"PMAP",2010
-43.0667,-23.0667,"PMAP",2010
-43.35,-23.0667,"PMAP",2010
-43.3833,-23.0667,"PMAP",2010
-43.4167,-23.0667,"PMAP",2010
-43.4333,-23.0667,"PMAP",2010
-43.45,-23.0667,"PMAP",2010
-43.4667,-23.0667,"PMAP",2010
-43.4697,-23.0667,"PMAP",2010
-43.5833,-23.0667,"PMAP",2010
-43.6167,-23.0667,"PMAP",2010
-43.65,-23.0667,"PMAP",2010
-44.0667,-23.0667,"PMAP",2010
-44.0833,-23.0667,"PMAP",2010
-44.1,-23.0667,"PMAP",2010
-44.1333,-23.0667,"PMAP",2010
-44.45,-23.0667,"PMAP",2010
-44.5,-23.0667,"PMAP",2010
-44.5167,-23.0667,"PMAP",2010
-41.55,-23.0833,"PMAP",2010
-42.45,-23.0833,"PMAP",2010
-42.6667,-23.0833,"PMAP",2010
-42.6833,-23.0833,"PMAP",2010
-42.7,-23.0833,"PMAP",2010
-42.8667,-23.0833,"PMAP",2010
-43.0167,-23.0833,"PMAP",2010
-43.05,-23.0833,"PMAP",2010
-43.0833,-23.0833,"PMAP",2010
-43.1333,-23.0833,"PMAP",2010
-43.2167,-23.0833,"PMAP",2010
-43.2833,-23.0833,"PMAP",2010
-43.3333,-23.0833,"PMAP",2010
-43.4167,-23.0833,"PMAP",2010
-43.4333,-23.0833,"PMAP",2010
-43.45,-23.0833,"PMAP",2010
-43.4667,-23.0833,"PMAP",2010
-43.6,-23.0833,"PMAP",2010
-43.7667,-23.0833,"PMAP",2010
-44.1,-23.0833,"PMAP",2010
-44.35,-23.0833,"PMAP",2010
-44.4833,-23.0833,"PMAP",2010
-44.5333,-23.0833,"PMAP",2010
-43.5083,-23.0861,"PMAP",2010
-43.4333,-23.0889,"PMAP",2010
-41.7667,-23.1,"PMAP",2010
-42.6333,-23.1,"PMAP",2010
-42.8,-23.1,"PMAP",2010
-42.8333,-23.1,"PMAP",2010
-42.8833,-23.1,"PMAP",2010
-43.25,-23.1,"PMAP",2010
-43.35,-23.1,"PMAP",2010
-43.3833,-23.1,"PMAP",2010
-43.4,-23.1,"PMAP",2010
-43.4167,-23.1,"PMAP",2010
-43.4833,-23.1,"PMAP",2010
-43.5167,-23.1,"PMAP",2010
-43.5667,-23.1,"PMAP",2010
-43.7833,-23.1,"PMAP",2010
-43.9333,-23.1,"PMAP",2010
-44.0167,-23.1,"PMAP",2010
-44.0833,-23.1,"PMAP",2010
-44.1333,-23.1,"PMAP",2010
-44.3667,-23.1,"PMAP",2010
-44.4333,-23.1,"PMAP",2010
-43.0083,-23.1028,"PMAP",2010
-43.4194,-23.1083,"PMAP",2010
-44.0317,-23.1086,"PMAP",2010
-43.7667,-23.1119,"PMAP",2010
-42.6,-23.1167,"PMAP",2010
-42.6833,-23.1167,"PMAP",2010
-42.9333,-23.1167,"PMAP",2010
-43.0167,-23.1167,"PMAP",2010
-43.1167,-23.1167,"PMAP",2010
-43.15,-23.1167,"PMAP",2010
-43.1833,-23.1167,"PMAP",2010
-43.25,-23.1167,"PMAP",2010
-43.45,-23.1167,"PMAP",2010
-43.5,-23.1167,"PMAP",2010
-43.5833,-23.1167,"PMAP",2010
-43.6667,-23.1167,"PMAP",2010
-43.6833,-23.1167,"PMAP",2010
-43.9333,-23.1167,"PMAP",2010
-43.95,-23.1167,"PMAP",2010
-43.9833,-23.1167,"PMAP",2010
-44,-23.1167,"PMAP",2010
-44.0167,-23.1167,"PMAP",2010
-44.0667,-23.1167,"PMAP",2010
-44.1833,-23.1167,"PMAP",2010
-44.3,-23.1167,"PMAP",2010
-44.45,-23.1167,"PMAP",2010
-44.4667,-23.1167,"PMAP",2010
-44.4833,-23.1167,"PMAP",2010
-44.55,-23.1167,"PMAP",2010
-44.5833,-23.1167,"PMAP",2010
-42.6,-23.1194,"PMAP",2010
-44.0906,-23.1203,"PMAP",2010
-43.1178,-23.1222,"PMAP",2010
-42.45,-23.1333,"PMAP",2010
-42.5,-23.1333,"PMAP",2010
-42.8833,-23.1333,"PMAP",2010
-42.95,-23.1333,"PMAP",2010
-43,-23.1333,"PMAP",2010
-43.15,-23.1333,"PMAP",2010
-43.1667,-23.1333,"PMAP",2010
-43.2,-23.1333,"PMAP",2010
-43.2333,-23.1333,"PMAP",2010
-43.25,-23.1333,"PMAP",2010
-43.4167,-23.1333,"PMAP",2010
-43.75,-23.1333,"PMAP",2010
-43.7833,-23.1333,"PMAP",2010
-43.8667,-23.1333,"PMAP",2010
-43.8833,-23.1333,"PMAP",2010
-43.9833,-23.1333,"PMAP",2010
-44.0167,-23.1333,"PMAP",2010
-44.0833,-23.1333,"PMAP",2010
-44.3667,-23.1333,"PMAP",2010
-44.4333,-23.1333,"PMAP",2010
-44.6167,-23.1333,"PMAP",2010
-43.2083,-23.1361,"PMAP",2010
-44.4122,-23.1394,"PMAP",2010
-41.4167,-23.15,"PMAP",2010
-42.4833,-23.15,"PMAP",2010
-42.5167,-23.15,"PMAP",2010
-42.6833,-23.15,"PMAP",2010
-42.85,-23.15,"PMAP",2010
-42.8833,-23.15,"PMAP",2010
-42.9333,-23.15,"PMAP",2010
-43.05,-23.15,"PMAP",2010
-43.0667,-23.15,"PMAP",2010
-43.1167,-23.15,"PMAP",2010
-43.1667,-23.15,"PMAP",2010
-43.1833,-23.15,"PMAP",2010
-43.2333,-23.15,"PMAP",2010
-43.4667,-23.15,"PMAP",2010
-43.6333,-23.15,"PMAP",2010
-43.6833,-23.15,"PMAP",2010
-43.9833,-23.15,"PMAP",2010
-44.0167,-23.15,"PMAP",2010
-44.0667,-23.15,"PMAP",2010
-44.4333,-23.15,"PMAP",2010
-44.45,-23.15,"PMAP",2010
-43.0675,-23.1503,"PMAP",2010
-44.4389,-23.1528,"PMAP",2010
-42.55,-23.1667,"PMAP",2010
-42.6167,-23.1667,"PMAP",2010
-42.7,-23.1667,"PMAP",2010
-42.7667,-23.1667,"PMAP",2010
-42.9667,-23.1667,"PMAP",2010
-43.1167,-23.1667,"PMAP",2010
-43.1333,-23.1667,"PMAP",2010
-43.2,-23.1667,"PMAP",2010
-43.2333,-23.1667,"PMAP",2010
-43.25,-23.1667,"PMAP",2010
-43.3833,-23.1667,"PMAP",2010
-43.4333,-23.1667,"PMAP",2010
-43.6,-23.1667,"PMAP",2010
-43.6833,-23.1667,"PMAP",2010
-43.7,-23.1667,"PMAP",2010
-43.8333,-23.1667,"PMAP",2010
-43.8556,-23.1667,"PMAP",2010
-43.9833,-23.1667,"PMAP",2010
-44.0667,-23.1667,"PMAP",2010
-44.4167,-23.1667,"PMAP",2010
-44.4333,-23.1667,"PMAP",2010
-44.4833,-23.1667,"PMAP",2010
-43.8556,-23.1694,"PMAP",2010
-43.8722,-23.1694,"PMAP",2010
-43.975,-23.1694,"PMAP",2010
-42.55,-23.1833,"PMAP",2010
-42.7833,-23.1833,"PMAP",2010
-42.85,-23.1833,"PMAP",2010
-42.95,-23.1833,"PMAP",2010
-43.2833,-23.1833,"PMAP",2010
-43.8,-23.1833,"PMAP",2010
-43.8667,-23.1833,"PMAP",2010
-43.9833,-23.1833,"PMAP",2010
-44.4333,-23.1833,"PMAP",2010
-44.45,-23.1833,"PMAP",2010
-44.4667,-23.1833,"PMAP",2010
-42.9833,-23.2,"PMAP",2010
-43.1833,-23.2,"PMAP",2010
-43.4833,-23.2,"PMAP",2010
-43.9333,-23.2,"PMAP",2010
-44.0167,-23.2,"PMAP",2010
-44.1333,-23.2,"PMAP",2010
-44.3833,-23.2,"PMAP",2010
-44.4,-23.2,"PMAP",2010
-44.4167,-23.2,"PMAP",2010
-44.4333,-23.2,"PMAP",2010
-44.45,-23.2,"PMAP",2010
-44.4667,-23.2,"PMAP",2010
-44.4833,-23.2,"PMAP",2010
-44.5,-23.2,"PMAP",2010
-42.6667,-23.2167,"PMAP",2010
-42.8,-23.2167,"PMAP",2010
-42.9167,-23.2167,"PMAP",2010
-43.3,-23.2167,"PMAP",2010
-43.3833,-23.2167,"PMAP",2010
-43.9333,-23.2167,"PMAP",2010
-44.0167,-23.2167,"PMAP",2010
-44.4,-23.2167,"PMAP",2010
-44.4333,-23.2167,"PMAP",2010
-44.45,-23.2167,"PMAP",2010
-44.4833,-23.2167,"PMAP",2010
-44.5,-23.2167,"PMAP",2010
-44.5333,-23.2167,"PMAP",2010
-44.425,-23.2194,"PMAP",2010
-43.9933,-23.2306,"PMAP",2010
-42.5667,-23.2333,"PMAP",2010
-42.6833,-23.2333,"PMAP",2010
-43.1,-23.2333,"PMAP",2010
-43.1167,-23.2333,"PMAP",2010
-43.3333,-23.2333,"PMAP",2010
-44.0333,-23.2333,"PMAP",2010
-44.15,-23.2333,"PMAP",2010
-44.2333,-23.2333,"PMAP",2010
-44.3333,-23.2333,"PMAP",2010
-44.3667,-23.2333,"PMAP",2010
-44.3833,-23.2333,"PMAP",2010
-44.4167,-23.2333,"PMAP",2010
-44.4333,-23.2333,"PMAP",2010
-44.45,-23.2333,"PMAP",2010
-44.4667,-23.2333,"PMAP",2010
-44.5167,-23.2333,"PMAP",2010
-44.475,-23.2361,"PMAP",2010
-42.0333,-23.25,"PMAP",2010
-42.5667,-23.25,"PMAP",2010
-42.65,-23.25,"PMAP",2010
-42.9333,-23.25,"PMAP",2010
-43.2167,-23.25,"PMAP",2010
-43.3167,-23.25,"PMAP",2010
-43.5167,-23.25,"PMAP",2010
-44.05,-23.25,"PMAP",2010
-44.0833,-23.25,"PMAP",2010
-44.2833,-23.25,"PMAP",2010
-44.3833,-23.25,"PMAP",2010
-44.4,-23.25,"PMAP",2010
-44.4333,-23.25,"PMAP",2010
-44.45,-23.25,"PMAP",2010
-44.4667,-23.25,"PMAP",2010
-44.4028,-23.2503,"PMAP",2010
-43.3222,-23.2528,"PMAP",2010
-44.3767,-23.2536,"PMAP",2010
-44.3806,-23.2539,"PMAP",2010
-41.1167,-23.2667,"PMAP",2010
-43.15,-23.2667,"PMAP",2010
-43.3333,-23.2667,"PMAP",2010
-44.2,-23.2667,"PMAP",2010
-44.2167,-23.2667,"PMAP",2010
-44.3167,-23.2667,"PMAP",2010
-44.3333,-23.2667,"PMAP",2010
-44.35,-23.2667,"PMAP",2010
-44.3667,-23.2667,"PMAP",2010
-44.3833,-23.2667,"PMAP",2010
-44.4,-23.2667,"PMAP",2010
-44.4167,-23.2667,"PMAP",2010
-44.4333,-23.2667,"PMAP",2010
-44.5,-23.2667,"PMAP",2010
-42.65,-23.2833,"PMAP",2010
-42.6833,-23.2833,"PMAP",2010
-43.4667,-23.2833,"PMAP",2010
-44.25,-23.2833,"PMAP",2010
-44.3,-23.2833,"PMAP",2010
-44.3333,-23.2833,"PMAP",2010
-44.3833,-23.2833,"PMAP",2010
-44.4167,-23.2833,"PMAP",2010
-43.4694,-23.2836,"PMAP",2010
-44.4,-23.2867,"PMAP",2010
-42.7333,-23.3,"PMAP",2010
-43.1833,-23.3,"PMAP",2010
-44,-23.3,"PMAP",2010
-44.2833,-23.3,"PMAP",2010
-44.3333,-23.3,"PMAP",2010
-44.3667,-23.3,"PMAP",2010
-44.4167,-23.3,"PMAP",2010
-44.4833,-23.3,"PMAP",2010
-44.3289,-23.3028,"PMAP",2010
-44.4153,-23.3114,"PMAP",2010
-43.15,-23.3167,"PMAP",2010
-43.2,-23.3167,"PMAP",2010
-43.2167,-23.3167,"PMAP",2010
-43.3833,-23.3167,"PMAP",2010
-43.4667,-23.3167,"PMAP",2010
-44.0333,-23.3167,"PMAP",2010
-44.1667,-23.3167,"PMAP",2010
-44.2167,-23.3167,"PMAP",2010
-44.2667,-23.3167,"PMAP",2010
-44.3,-23.3167,"PMAP",2010
-44.3333,-23.3167,"PMAP",2010
-44.35,-23.3167,"PMAP",2010
-44.3667,-23.3167,"PMAP",2010
-44.3833,-23.3167,"PMAP",2010
-44.4,-23.3167,"PMAP",2010
-44.45,-23.3167,"PMAP",2010
-43.3,-23.3333,"PMAP",2010
-43.3667,-23.3333,"PMAP",2010
-43.5333,-23.3333,"PMAP",2010
-44.0167,-23.3333,"PMAP",2010
-44.1,-23.3333,"PMAP",2010
-44.1667,-23.3333,"PMAP",2010
-44.2,-23.3333,"PMAP",2010
-44.2833,-23.3333,"PMAP",2010
-44.3667,-23.3333,"PMAP",2010
-44.3833,-23.3333,"PMAP",2010
-44.3917,-23.3361,"PMAP",2010
-44.4583,-23.3361,"PMAP",2010
-43.4333,-23.35,"PMAP",2010
-43.4833,-23.35,"PMAP",2010
-43.5,-23.35,"PMAP",2010
-43.8833,-23.35,"PMAP",2010
-44.0333,-23.35,"PMAP",2010
-44.15,-23.35,"PMAP",2010
-44.1833,-23.35,"PMAP",2010
-44.3167,-23.35,"PMAP",2010
-44.3333,-23.35,"PMAP",2010
-44.4,-23.35,"PMAP",2010
-43.2333,-23.3667,"PMAP",2010
-43.8667,-23.3667,"PMAP",2010
-43.8833,-23.3667,"PMAP",2010
-44.05,-23.3667,"PMAP",2010
-44.1833,-23.3667,"PMAP",2010
-44.2333,-23.3667,"PMAP",2010
-43.8833,-23.3833,"PMAP",2010
-44.2,-23.3833,"PMAP",2010
-44.2667,-23.3833,"PMAP",2010
-44.4,-23.3833,"PMAP",2010
-44.4167,-23.3833,"PMAP",2010
-44.1667,-23.4,"PMAP",2010
-44.2667,-23.4,"PMAP",2010
-44.4167,-23.4,"PMAP",2010
-44.6333,-23.4,"PMAP",2010
-44.2186,-23.4094,"PMAP",2010
-43.3833,-23.4167,"PMAP",2010
-43.45,-23.4167,"PMAP",2010
-44.1667,-23.4167,"PMAP",2010
-44.1833,-23.4167,"PMAP",2010
-44.25,-23.4167,"PMAP",2010
-44.3028,-23.4167,"PMAP",2010
-44.3333,-23.4167,"PMAP",2010
-44.1783,-23.43,"PMAP",2010
-43.4,-23.4333,"PMAP",2010
-43.8167,-23.4333,"PMAP",2010
-43.9,-23.4333,"PMAP",2010
-43.9333,-23.4333,"PMAP",2010
-44.05,-23.4333,"PMAP",2010
-44.2833,-23.4333,"PMAP",2010
-41.4,-23.45,"PMAP",2010
-42.5667,-23.45,"PMAP",2010
-43.9833,-23.45,"PMAP",2010
-44,-23.45,"PMAP",2010
-42.5361,-23.4639,"PMAP",2010
-43.4167,-23.4667,"PMAP",2010
-44.35,-23.4667,"PMAP",2010
-43.4,-23.4833,"PMAP",2010
-43.4333,-23.4833,"PMAP",2010
-43.5,-23.4833,"PMAP",2010
-43.5167,-23.4833,"PMAP",2010
-43.9,-23.4833,"PMAP",2010
-44.0167,-23.4833,"PMAP",2010
-44.2056,-23.4861,"PMAP",2010
-44.3714,-23.4894,"PMAP",2010
-43.4333,-23.5,"PMAP",2010
-43.45,-23.5,"PMAP",2010
-44.25,-23.5,"PMAP",2010
-43.1,-23.5167,"PMAP",2010
-43.45,-23.5167,"PMAP",2010
-44.13,-23.5183,"PMAP",2010
-43.1833,-23.5667,"PMAP",2010
-41.6333,-23.6,"PMAP",2010
-44.2167,-23.6167,"PMAP",2010
-43.6167,-23.6667,"PMAP",2010
-44.3667,-23.6667,"PMAP",2010
-42.55,-23.6833,"PMAP",2010
-44.1228,-23.6892,"PMAP",2010
-44.1231,-23.6892,"PMAP",2010
-42.9,-23.7,"PMAP",2010
-43,-23.7167,"PMAP",2010
-44.45,-23.7167,"PMAP",2010
-44.2,-23.8667,"PMAP",2010
-44.2167,-23.8667,"PMAP",2010
-44.2167,-23.8833,"PMAP",2010
-46.5,-24.4667,"PMAP",2010
-46.9,-24.7333,"PMAP",2010
-48.1167,-25.8167,"PMAP",2010
-48.1167,-25.8333,"PMAP",2010
-48.1833,-26.15,"PMAP",2010
-48.2,-26.35,"PMAP",2010
-48.2667,-26.4667,"PMAP",2010
-48.5333,-26.4667,"PMAP",2010
-48.2,-26.4833,"PMAP",2010
-48.55,-26.5,"PMAP",2010
-48.1833,-26.5083,"PMAP",2010
-48.55,-26.5167,"PMAP",2010
-48.3667,-26.5333,"PMAP",2010
-48.0833,-26.55,"PMAP",2010
-48.3333,-26.55,"PMAP",2010
-48.45,-26.55,"PMAP",2010
-48.55,-26.55,"PMAP",2010
-48.5667,-26.55,"PMAP",2010
-48.2917,-26.5528,"PMAP",2010
-48.4167,-26.5667,"PMAP",2010
-48.2333,-26.5833,"PMAP",2010
-48.3667,-26.5833,"PMAP",2010
-48.5667,-26.5833,"PMAP",2010
-48.3167,-26.6,"PMAP",2010
-48.35,-26.6,"PMAP",2010
-48.3833,-26.6,"PMAP",2010
-48.2667,-26.6167,"PMAP",2010
-48.275,-26.6194,"PMAP",2010
-48.3,-26.6333,"PMAP",2010
-48.3833,-26.6333,"PMAP",2010
-48.4,-26.6333,"PMAP",2010
-48.3167,-26.65,"PMAP",2010
-48.3333,-26.6667,"PMAP",2010
-48.3917,-26.6694,"PMAP",2010
-48.3333,-26.7,"PMAP",2010
-48.35,-26.7,"PMAP",2010
-48.425,-26.7028,"PMAP",2010
-48.3167,-26.7167,"PMAP",2010
-48.4333,-26.7167,"PMAP",2010
-48.4667,-26.7167,"PMAP",2010
-48.1333,-26.75,"PMAP",2010
-48.15,-26.75,"PMAP",2010
-48.3,-26.8167,"PMAP",2010
-48.5833,-26.8167,"PMAP",2010
-48.3667,-26.8333,"PMAP",2010
-47.9833,-26.8667,"PMAP",2010
-48.05,-26.8667,"PMAP",2010
-48.55,-26.9,"PMAP",2010
-48.2694,-26.9028,"PMAP",2010
-48.0833,-26.9167,"PMAP",2010
-48.2333,-26.9167,"PMAP",2010
-48.2833,-26.9167,"PMAP",2010
-48.55,-26.9167,"PMAP",2010
-48.0333,-26.9333,"PMAP",2010
-48.25,-26.9333,"PMAP",2010
-48.3167,-26.9333,"PMAP",2010
-48.3,-26.95,"PMAP",2010
-48.3167,-26.95,"PMAP",2010
-48.35,-26.95,"PMAP",2010
-48.1833,-26.9667,"PMAP",2010
-48.2,-26.9667,"PMAP",2010
-48.2333,-26.9667,"PMAP",2010
-48.3,-26.9667,"PMAP",2010
-48.3667,-26.9667,"PMAP",2010
-48.2056,-26.9694,"PMAP",2010
-48.2167,-26.9833,"PMAP",2010
-48.3333,-26.9833,"PMAP",2010
-48.15,-27,"PMAP",2010
-48.1667,-27,"PMAP",2010
-48.1833,-27,"PMAP",2010
-48.2,-27,"PMAP",2010
-48.2833,-27,"PMAP",2010
-48.3167,-27,"PMAP",2010
-48.5333,-27,"PMAP",2010
-48.1889,-27.0028,"PMAP",2010
-48.2703,-27.0028,"PMAP",2010
-48.1333,-27.0167,"PMAP",2010
-48.1833,-27.0167,"PMAP",2010
-48.2167,-27.0167,"PMAP",2010
-48.1167,-27.05,"PMAP",2010
-48.5167,-27.05,"PMAP",2010
-48.4833,-27.0667,"PMAP",2010
-48.5,-27.0667,"PMAP",2010
-48.1167,-27.0833,"PMAP",2010
-48.2667,-27.0833,"PMAP",2010
-48.5333,-27.0833,"PMAP",2010
-48.2167,-27.1833,"PMAP",2010
-48.2667,-27.2,"PMAP",2010
-48.2667,-27.25,"PMAP",2010
-48.2833,-27.2667,"PMAP",2010
-48.25,-27.2833,"PMAP",2010
-48.2167,-27.35,"PMAP",2010
-48.3,-27.3667,"PMAP",2010
-48.2,-27.3833,"PMAP",2010
-48.4,-27.4,"PMAP",2010
-48.3333,-27.4667,"PMAP",2010
-48.1667,-27.5,"PMAP",2010
-48.2167,-27.5,"PMAP",2010
-48.3333,-27.5,"PMAP",2010
-48.35,-27.5167,"PMAP",2010
-48.3333,-27.65,"PMAP",2010
-48.1833,-27.6833,"PMAP",2010
-48.7667,-28.6167,"PMAP",2010
-44.4722,-23.0861,"PMAP",2010
-44.4222,-23.2028,"PMAP",2010
-40.7833,-21.3167,"PMAP",2011
-40.7667,-21.3333,"PMAP",2011
-40.7,-21.8333,"PMAP",2011
-42.3333,-22.9667,"PMAP",2011
-42.65,-22.9667,"PMAP",2011
-42.15,-22.9833,"PMAP",2011
-42.2667,-22.9833,"PMAP",2011
-42.3333,-22.9833,"PMAP",2011
-42.3333,-23,"PMAP",2011
-42.7333,-23,"PMAP",2011
-42.8,-23,"PMAP",2011
-42.3333,-23.0167,"PMAP",2011
-42.6667,-23.0167,"PMAP",2011
-43.0833,-23.0167,"PMAP",2011
-43.25,-23.0167,"PMAP",2011
-43.35,-23.0167,"PMAP",2011
-42.6667,-23.0333,"PMAP",2011
-42.2167,-23.05,"PMAP",2011
-42.3,-23.05,"PMAP",2011
-43.2667,-23.05,"PMAP",2011
-43.3,-23.05,"PMAP",2011
-42.4667,-23.0667,"PMAP",2011
-42.5667,-23.0667,"PMAP",2011
-43.3333,-23.0667,"PMAP",2011
-42.3333,-23.0833,"PMAP",2011
-42.7167,-23.0833,"PMAP",2011
-42.8167,-23.0833,"PMAP",2011
-43.25,-23.0833,"PMAP",2011
-43.3667,-23.0833,"PMAP",2011
-43.3833,-23.0833,"PMAP",2011
-42.4,-23.1167,"PMAP",2011
-42.8667,-23.1167,"PMAP",2011
-42.9,-23.1167,"PMAP",2011
-43.3833,-23.1167,"PMAP",2011
-43.4667,-23.1167,"PMAP",2011
-43.7667,-23.1167,"PMAP",2011
-42.9,-23.15,"PMAP",2011
-43.45,-23.15,"PMAP",2011
-43.8,-23.15,"PMAP",2011
-43.9,-23.1667,"PMAP",2011
-42.0333,-23.1833,"PMAP",2011
-43.4167,-23.1833,"PMAP",2011
-43.4333,-23.2,"PMAP",2011
-43.75,-23.2,"PMAP",2011
-43.05,-23.2167,"PMAP",2011
-43.6,-23.2167,"PMAP",2011
-43.45,-23.2333,"PMAP",2011
-43.85,-23.2333,"PMAP",2011
-43.9,-23.2333,"PMAP",2011
-43.4167,-23.25,"PMAP",2011
-43.8333,-23.25,"PMAP",2011
-43.3833,-23.3333,"PMAP",2011
-44.6167,-23.35,"PMAP",2011
-43.65,-23.4,"PMAP",2011
-43.5,-23.4333,"PMAP",2011
-43.6167,-23.4333,"PMAP",2011
-44.1333,-23.45,"PMAP",2011
-44.1667,-23.45,"PMAP",2011
-43.9667,-23.4833,"PMAP",2011
-47.15,-24.8833,"PMAP",2011
-46.9833,-25,"PMAP",2011
-47.1833,-25.0833,"PMAP",2011
-47.2667,-25.1,"PMAP",2011
-47.1667,-25.1333,"PMAP",2011
-47.35,-25.15,"PMAP",2011
-47.4333,-25.1667,"PMAP",2011
-47.5,-25.2,"PMAP",2011
-47.5,-25.2833,"PMAP",2011
-47.4833,-25.3333,"PMAP",2011
-47.9833,-25.6833,"PMAP",2011
-47.9,-25.75,"PMAP",2011
-47.95,-25.7833,"PMAP",2011
-48.0333,-25.8333,"PMAP",2011
-48.2833,-25.8667,"PMAP",2011
-47.1833,-25.95,"PMAP",2011
-47.1833,-25.9667,"PMAP",2011
-47.9167,-26.0667,"PMAP",2011
-48.25,-26.1167,"PMAP",2011
-48.35,-26.2167,"PMAP",2011
-48.0833,-26.2667,"PMAP",2011
-47.95,-26.2833,"PMAP",2011
-48.2833,-26.3167,"PMAP",2011
-47.9833,-26.35,"PMAP",2011
-48.05,-26.4,"PMAP",2011
-48.4,-26.4167,"PMAP",2011
-48.3667,-26.4833,"PMAP",2011
-48.0833,-26.5333,"PMAP",2011
-48.05,-26.55,"PMAP",2011
-48.1167,-26.55,"PMAP",2011
-48.4667,-26.7,"PMAP",2011
-48.0833,-26.8333,"PMAP",2011
-48.2333,-27.3833,"PMAP",2011
-48.25,-27.4167,"PMAP",2011
-41.35,-22.35,"PMAP",2012
-41.6,-22.3833,"PMAP",2012
-41.45,-22.4333,"PMAP",2012
-41.25,-22.4667,"PMAP",2012
-41.5333,-22.4667,"PMAP",2012
-41.5119,-22.4944,"PMAP",2012
-42.2661,-22.9519,"PMAP",2012
-42.3167,-22.9783,"PMAP",2012
-42.5431,-22.9786,"PMAP",2012
-43.0136,-22.9928,"PMAP",2012
-42.7892,-22.9953,"PMAP",2012
-42.8061,-23.0019,"PMAP",2012
-43.0394,-23.0089,"PMAP",2012
-42.735,-23.0147,"PMAP",2012
-43.3264,-23.0322,"PMAP",2012
-43.335,-23.0353,"PMAP",2012
-42.55,-23.1333,"PMAP",2012
-43.5333,-23.1333,"PMAP",2012
-43.6942,-23.1389,"PMAP",2012
-43.5697,-23.1542,"PMAP",2012
-43.3614,-23.1631,"PMAP",2012
-43.7983,-23.2028,"PMAP",2012
-43.9253,-23.2311,"PMAP",2012
-44.2167,-23.3667,"PMAP",2012
-44.4333,-23.3667,"PMAP",2012
-43.8833,-23.4167,"PMAP",2012
-44.4,-23.4167,"PMAP",2012
-43.9667,-23.45,"PMAP",2012
-44.4667,-23.5,"PMAP",2012
-45,-23.5333,"PMAP",2012
-44.1333,-23.5833,"PMAP",2012
-44.5,-23.6167,"PMAP",2012
-44.8333,-23.6167,"PMAP",2012
-44.4833,-23.6333,"PMAP",2012
-44.6833,-23.7667,"PMAP",2012
-44.85,-23.7667,"PMAP",2012
-44.7167,-23.8,"PMAP",2012
-44.7333,-23.8167,"PMAP",2012
-44.9,-23.8833,"PMAP",2012
-45.9833,-24.15,"PMAP",2012
-45.9,-24.1667,"PMAP",2012
-46,-24.1833,"PMAP",2012
-46.05,-24.1833,"PMAP",2012
-46.4667,-24.5167,"PMAP",2012
-46.6167,-24.6167,"PMAP",2012
-46.6667,-24.7167,"PMAP",2012
-46.85,-24.75,"PMAP",2012
-46.9333,-24.9667,"PMAP",2012
-47.0833,-24.9667,"PMAP",2012
-47.1167,-25,"PMAP",2012
-47.1167,-25.0667,"PMAP",2012
-47.1,-25.0833,"PMAP",2012
-47.1,-25.1,"PMAP",2012
-47.7667,-25.3167,"PMAP",2012
-48.0333,-26.0833,"PMAP",2012
-47.2833,-26.25,"PMAP",2012
-48.35,-26.3167,"PMAP",2012
-48.3167,-26.35,"PMAP",2012
-48.3167,-26.3833,"PMAP",2012
-48.4,-26.65,"PMAP",2012
-48.4,-26.6667,"PMAP",2012
-48.5167,-26.7,"PMAP",2012
-48.2667,-26.7333,"PMAP",2012
-48.2,-26.8667,"PMAP",2012
-48.2167,-26.8667,"PMAP",2012
-48.3667,-27,"PMAP",2012
-48.0833,-26.0833,"PMAP",2012
-48.2,-26.3333,"PMAP",2012
-48.3667,-26.4,"PMAP",2012
-48.4333,-26.5833,"PMAP",2012
-48.2667,-26.8333,"PMAP",2012
-48.2833,-26.9,"PMAP",2012
-48.1167,-26.9167,"PMAP",2012
-41.75,-22.75,"PMAP",2017
-42.75,-23.25,"PMAP",2017
-43.75,-23.25,"PMAP",2017
-44.25,-23.25,"PMAP",2017
-45.75,-24.25,"PMAP",2017
-46.25,-24.25,"PMAP",2017
-46.75,-24.25,"PMAP",2017
-46.75,-24.75,"PMAP",2017
-47.25,-25.75,"PMAP",2017
-47.75,-25.75,"PMAP",2017
-48.25,-25.75,"PMAP",2017
-48.4583,-26.2083,"PMAP",2017
-48.625,-26.2083,"PMAP",2017
-47.25,-26.25,"PMAP",2017
-47.75,-26.25,"PMAP",2017
-48.4583,-26.2917,"PMAP",2017
-48.7083,-26.2917,"PMAP",2017
-48.375,-26.375,"PMAP",2017
-48.4583,-26.375,"PMAP",2017
-48.5417,-26.375,"PMAP",2017
-48.625,-26.375,"PMAP",2017
-48.4583,-26.4583,"PMAP",2017
-48.5417,-26.4583,"PMAP",2017
-48.625,-26.4583,"PMAP",2017
-48.4583,-26.5417,"PMAP",2017
-48.5417,-26.5417,"PMAP",2017
-48.625,-26.5417,"PMAP",2017
-48.5417,-26.625,"PMAP",2017
-48.625,-26.625,"PMAP",2017
-48.5417,-26.7083,"PMAP",2017
-48.625,-26.7083,"PMAP",2017
-47.75,-26.75,"PMAP",2017
-48.25,-26.75,"PMAP",2017
-48.5417,-26.7917,"PMAP",2017
-48.625,-26.7917,"PMAP",2017
-48.2917,-26.9583,"PMAP",2017
-48.375,-26.9583,"PMAP",2017
-48.2917,-27.0417,"PMAP",2017
-48.375,-27.0417,"PMAP",2017
-48.5417,-27.0417,"PMAP",2017
-48.4583,-27.125,"PMAP",2017
-48.5417,-27.125,"PMAP",2017
-47.75,-27.25,"PMAP",2017
-48.25,-27.25,"PMAP",2017
-48.375,-27.375,"PMAP",2017
-48.4583,-27.375,"PMAP",2017
-48.375,-27.4583,"PMAP",2017
-48.5417,-27.4583,"PMAP",2017
-48.5417,-27.5417,"PMAP",2017
-48.625,-27.5417,"PMAP",2017
-48.625,-27.625,"PMAP",2017
-47.75,-27.75,"PMAP",2017
-48.25,-27.75,"PMAP",2017
-48.5417,-27.875,"PMAP",2017
-48.625,-28.125,"PMAP",2017
-48.625,-28.2083,"PMAP",2017
-48.25,-28.25,"PMAP",2017
-48.7083,-28.375,"PMAP",2017
-48.7083,-28.4583,"PMAP",2017
-48.7917,-28.4583,"PMAP",2017
-48.7083,-28.5417,"PMAP",2017
-48.7917,-28.5417,"PMAP",2017
-48.7917,-28.625,"PMAP",2017
-48.875,-28.625,"PMAP",2017
-48.9583,-28.7083,"PMAP",2017
-48.25,-28.75,"PMAP",2017
-48.75,-28.75,"PMAP",2017
-49.125,-28.7917,"PMAP",2017
-49.2083,-28.875,"PMAP",2017
-49.2917,-28.9583,"PMAP",2017
-49.375,-29.0417,"PMAP",2017
-49.4583,-29.0417,"PMAP",2017
-49.4583,-29.125,"PMAP",2017
-49.5417,-29.125,"PMAP",2017
-49.5417,-29.2083,"PMAP",2017
-49.25,-29.25,"PMAP",2017
-49.625,-29.2917,"PMAP",2017
-49.25,-29.75,"PMAP",2017
-49.75,-29.75,"PMAP",2017
-49.75,-30.25,"PMAP",2017
-50.25,-30.75,"PMAP",2017
-50.75,-30.75,"PMAP",2017
-50.25,-31.25,"PMAP",2017
-50.75,-31.25,"PMAP",2017
-51.2917,-31.4583,"PMAP",2017
-51.375,-31.4583,"PMAP",2017
-51.4583,-31.4583,"PMAP",2017
-51.5417,-31.4583,"PMAP",2017
-51.2083,-31.5417,"PMAP",2017
-51.4583,-31.5417,"PMAP",2017
-51.5417,-31.5417,"PMAP",2017
-51.625,-31.5417,"PMAP",2017
-51.2083,-31.625,"PMAP",2017
-51.2917,-31.625,"PMAP",2017
-51.5417,-31.625,"PMAP",2017
-51.625,-31.625,"PMAP",2017
-51.2917,-31.7083,"PMAP",2017
-51.375,-31.7083,"PMAP",2017
-51.4583,-31.7083,"PMAP",2017
-51.625,-31.7083,"PMAP",2017
-51.375,-31.7917,"PMAP",2017
-51.4583,-31.7917,"PMAP",2017
-51.5417,-31.7917,"PMAP",2017
-51.5417,-31.875,"PMAP",2017
-51.625,-31.875,"PMAP",2017
-48.2194,-26.3806,"PMAP",2017
-48.1569,-26.3808,"PMAP",2017
-48.1711,-26.4008,"PMAP",2017
-48.1167,-26.4333,"PMAP",2017
-48.2186,-26.5678,"PMAP",2017
-48.3822,-26.6614,"PMAP",2017
-48.0333,-26.6667,"PMAP",2017
-48.15,-26.9833,"PMAP",2017
-48.0642,-27.18,"PMAP",2017
-48.2133,-27.1967,"PMAP",2017
-48.1667,-27.2167,"PMAP",2017
-48.0667,-27.4333,"PMAP",2017
-48.1231,-27.4364,"PMAP",2017
-48.1194,-27.4508,"PMAP",2017
-48.2825,-27.5067,"PMAP",2017
-48.2847,-27.5464,"PMAP",2017
-48.1725,-27.7081,"PMAP",2017
-48.35,-27.8333,"PMAP",2017
-48.2683,-28.0117,"PMAP",2017
-48.2333,-28.0167,"PMAP",2017
-48.5478,-28.4414,"PMAP",2017
-49.6667,-29.7167,"PMAP",2017
-43.25,-23.25,"PMAP",2017
-44.25,-23.75,"PMAP",2017
-46.75,-25.25,"PMAP",2017
-47.25,-25.25,"PMAP",2017
-47.75,-25.25,"PMAP",2017
-47.4875,-25.3333,"PMAP",2017
-47.2844,-25.6453,"PMAP",2017
-47.3206,-25.6694,"PMAP",2017
-47.4047,-25.7294,"PMAP",2017
-48.025,-26.1094,"PMAP",2017
-48.0422,-26.1117,"PMAP",2017
-48.185,-26.1194,"PMAP",2017
-47.9436,-26.1292,"PMAP",2017
-48.0667,-26.13,"PMAP",2017
-47.9222,-26.1411,"PMAP",2017
-47.1433,-26.1778,"PMAP",2017
-48.1094,-26.2358,"PMAP",2017
-48.2331,-26.2806,"PMAP",2017
-48.43,-26.3092,"PMAP",2017
-47.9589,-26.3772,"PMAP",2017
-48.1667,-26.3833,"PMAP",2017
-47.9033,-26.4361,"PMAP",2017
-48.1719,-26.4561,"PMAP",2017
-48.1697,-26.4717,"PMAP",2017
-47.9411,-26.4847,"PMAP",2017
-48.29,-26.49,"PMAP",2017
-48.1881,-26.4961,"PMAP",2017
-48.3922,-26.5003,"PMAP",2017
-47.9686,-26.5017,"PMAP",2017
-48.2789,-26.5114,"PMAP",2017
-47.9733,-26.5267,"PMAP",2017
-48.47,-26.5331,"PMAP",2017
-48.2083,-26.5678,"PMAP",2017
-48.2811,-26.5822,"PMAP",2017
-48.0094,-26.6208,"PMAP",2017
-48.3167,-26.6333,"PMAP",2017
-48.35,-26.6333,"PMAP",2017
-48.3469,-26.6353,"PMAP",2017
-48.3781,-26.6544,"PMAP",2017
-48.0478,-26.6767,"PMAP",2017
-48.4811,-26.6817,"PMAP",2017
-48.0764,-26.6917,"PMAP",2017
-48.0361,-26.7025,"PMAP",2017
-47.9983,-26.7253,"PMAP",2017
-48.1222,-26.7367,"PMAP",2017
-47.25,-26.75,"PMAP",2017
-48.1758,-26.7564,"PMAP",2017
-47.9,-26.7667,"PMAP",2017
-48.4386,-26.8153,"PMAP",2017
-48.0108,-26.8192,"PMAP",2017
-48.4008,-26.8256,"PMAP",2017
-48.1953,-26.8303,"PMAP",2017
-48.3878,-26.8325,"PMAP",2017
-48.1667,-26.8333,"PMAP",2017
-48.1714,-26.8367,"PMAP",2017
-47.9403,-26.8394,"PMAP",2017
-48.2906,-26.8481,"PMAP",2017
-48.4144,-26.8528,"PMAP",2017
-48.0108,-26.8536,"PMAP",2017
-47.9881,-26.8736,"PMAP",2017
-48.1083,-26.8736,"PMAP",2017
-48.1569,-26.8822,"PMAP",2017
-48.1367,-26.9017,"PMAP",2017
-48.1,-26.9167,"PMAP",2017
-48.1667,-26.9167,"PMAP",2017
-48.4872,-26.9225,"PMAP",2017
-48.0294,-26.9353,"PMAP",2017
-48.4292,-26.9653,"PMAP",2017
-47.9667,-26.9667,"PMAP",2017
-48.1333,-26.9667,"PMAP",2017
-48.0472,-26.9722,"PMAP",2017
-48.0231,-26.9758,"PMAP",2017
-48.095,-26.9878,"PMAP",2017
-48.0117,-26.995,"PMAP",2017
-48.1656,-26.9953,"PMAP",2017
-48.0167,-27,"PMAP",2017
-47.9614,-27.0008,"PMAP",2017
-47.0358,-27.0078,"PMAP",2017
-48.0761,-27.0161,"PMAP",2017
-48.05,-27.0167,"PMAP",2017
-48.1333,-27.0333,"PMAP",2017
-48.15,-27.05,"PMAP",2017
-48.1167,-27.0667,"PMAP",2017
-48.05,-27.0833,"PMAP",2017
-48.0667,-27.0833,"PMAP",2017
-48.3333,-27.0833,"PMAP",2017
-48.0314,-27.0903,"PMAP",2017
-48.0167,-27.1,"PMAP",2017
-48.2833,-27.1,"PMAP",2017
-48.0303,-27.1017,"PMAP",2017
-47.9386,-27.1061,"PMAP",2017
-48.1483,-27.1117,"PMAP",2017
-48.3167,-27.1167,"PMAP",2017
-48.0694,-27.1186,"PMAP",2017
-48.0272,-27.1289,"PMAP",2017
-48.2667,-27.15,"PMAP",2017
-48.2686,-27.1519,"PMAP",2017
-48.0333,-27.1667,"PMAP",2017
-48.05,-27.1667,"PMAP",2017
-48.0692,-27.1783,"PMAP",2017
-48.09,-27.1811,"PMAP",2017
-48.1,-27.1833,"PMAP",2017
-48.2183,-27.2217,"PMAP",2017
-48.1592,-27.2297,"PMAP",2017
-48.0278,-27.2392,"PMAP",2017
-48.15,-27.3,"PMAP",2017
-48.2833,-27.4167,"PMAP",2017
-48.1492,-27.4253,"PMAP",2017
-48.2483,-27.4625,"PMAP",2017
-48.2,-27.4667,"PMAP",2017
-48.3011,-27.4736,"PMAP",2017
-48.1469,-27.4739,"PMAP",2017
-48.2386,-27.4878,"PMAP",2017
-48.1239,-27.5094,"PMAP",2017
-48.2333,-27.5333,"PMAP",2017
-48.2667,-27.6667,"PMAP",2017
-48.25,-27.7667,"PMAP",2017
-48.2042,-27.8019,"PMAP",2017
-48.2333,-27.8167,"PMAP",2017
-48.25,-27.8167,"PMAP",2017
-48.3167,-27.8333,"PMAP",2017
-48.3333,-27.8333,"PMAP",2017
-48.2242,-27.8397,"PMAP",2017
-48.2,-27.85,"PMAP",2017
-48.0439,-27.9925,"PMAP",2017
-48.4708,-28.3467,"PMAP",2017
-48.5228,-28.4261,"PMAP",2017
-49.2689,-29.1125,"PMAP",2017
-49.3592,-29.2936,"PMAP",2017
-48.4428,-29.3386,"PMAP",2017
-49.4642,-29.4336,"PMAP",2017
-49.5,-29.45,"PMAP",2017
-49.5,-29.4667,"PMAP",2017
-49.5167,-29.4833,"PMAP",2017
-49.5736,-29.4936,"PMAP",2017
-49.5167,-29.5,"PMAP",2017
-49.7,-29.6667,"PMAP",2017
-49.6667,-29.7,"PMAP",2017
-49.6167,-29.7333,"PMAP",2017
-49.6667,-29.7333,"PMAP",2017
-49.6772,-29.7344,"PMAP",2017
-49.7,-29.7667,"PMAP",2017
-49.2167,-29.9667,"PMAP",2017
-51.25,-31.75,"PMAP",2017
-51.25,-32.25,"PMAP",2017
-45.75,-24.75,"PMAP",2018
-46.25,-24.75,"PMAP",2018
-48.5417,-26.9583,"PMAP",2018
-48.375,-27.7917,"PMAP",2018
-48.375,-27.875,"PMAP",2018
-48.4583,-27.875,"PMAP",2018
-48.4583,-27.9583,"PMAP",2018
-48.2917,-28.125,"PMAP",2018
-48.375,-28.125,"PMAP",2018
-48.625,-28.4583,"PMAP",2018
-46.1833,-24.5333,"PMAP",2018
-46.2333,-24.5667,"PMAP",2018
-46.2167,-24.5833,"PMAP",2018
-46.3667,-24.75,"PMAP",2018
-46.3833,-24.7667,"PMAP",2018
-48.3561,-26.1714,"PMAP",2018
-48.3278,-26.2056,"PMAP",2018
-48.4394,-26.5667,"PMAP",2018
-48.4756,-26.5892,"PMAP",2018
-48.1972,-26.7219,"PMAP",2018
-48.2833,-27.5833,"PMAP",2018
-48.3011,-27.605,"PMAP",2018
-48.2833,-27.7714,"PMAP",2018
-48.2833,-27.7833,"PMAP",2018
-48.3872,-28.0328,"PMAP",2018
-48.4519,-28.0628,"PMAP",2018
-48.3972,-28.0761,"PMAP",2018
-48.4178,-28.0933,"PMAP",2018
-48.4292,-28.1303,"PMAP",2018
-48.4133,-28.1325,"PMAP",2018
-48.4167,-28.15,"PMAP",2018
-48.4458,-28.1867,"PMAP",2018
-48.5886,-28.5872,"PMAP",2018
-46.0669,-24.3708,"PMAP",2018
-45.8047,-24.4233,"PMAP",2018
-46.0772,-24.4411,"PMAP",2018
-45.795,-24.4669,"PMAP",2018
-46.2253,-24.5636,"PMAP",2018
-46.3203,-24.6481,"PMAP",2018
-46.415,-24.6833,"PMAP",2018
-46.4164,-24.7108,"PMAP",2018
-46.4067,-24.7383,"PMAP",2018
-47.8333,-25.6667,"PMAP",2018
-48.34,-26.2267,"PMAP",2018
-48.3394,-26.2392,"PMAP",2018
-48.2933,-26.3483,"PMAP",2018
-48.2833,-26.3667,"PMAP",2018
-48.3536,-26.4228,"PMAP",2018
-48.3667,-26.4667,"PMAP",2018
-48.6486,-26.5928,"PMAP",2018
-48.3747,-26.5947,"PMAP",2018
-48.45,-26.6,"PMAP",2018
-48.6211,-26.6328,"PMAP",2018
-48.6167,-26.6667,"PMAP",2018
-48.6547,-26.7056,"PMAP",2018
-48.6033,-26.7189,"PMAP",2018
-48.2333,-26.8333,"PMAP",2018
-48.2456,-26.845,"PMAP",2018
-48.55,-26.85,"PMAP",2018
-48.5167,-26.8833,"PMAP",2018
-48.4644,-26.9414,"PMAP",2018
-48.2333,-26.95,"PMAP",2018
-48.5356,-26.9703,"PMAP",2018
-48.2744,-26.995,"PMAP",2018
-48.5306,-27.035,"PMAP",2018
-48.4,-27.05,"PMAP",2018
-48.5317,-27.0619,"PMAP",2018
-48.5181,-27.0661,"PMAP",2018
-48.5225,-27.0744,"PMAP",2018
-48.5325,-27.0756,"PMAP",2018
-48.5,-27.0833,"PMAP",2018
-48.4333,-27.1333,"PMAP",2018
-48.2333,-27.6333,"PMAP",2018
-48.345,-27.7819,"PMAP",2018
-48.4469,-27.9392,"PMAP",2018
-48.4269,-27.9761,"PMAP",2018
-48.3853,-28.0806,"PMAP",2018
-48.5092,-28.1319,"PMAP",2018
-48.4411,-28.1517,"PMAP",2018
-48.4742,-28.1889,"PMAP",2018
-48.5519,-28.2067,"PMAP",2018
-48.4989,-28.2172,"PMAP",2018
-48.5378,-28.2211,"PMAP",2018
-48.4997,-28.24,"PMAP",2018
-48.5278,-28.2425,"PMAP",2018
-48.545,-28.2492,"PMAP",2018
-48.5483,-28.2617,"PMAP",2018
-48.5167,-28.3167,"PMAP",2018
-48.535,-28.3172,"PMAP",2018
-48.5292,-28.3961,"PMAP",2018
-48.5506,-28.4794,"PMAP",2018
-48.5333,-28.5,"PMAP",2018
-48.6167,-28.5,"PMAP",2018
-48.91,-28.8444,"PMAP",2018
-48.4167,-28.8833,"PMAP",2018
-49.05,-28.9,"PMAP",2018
-49.1333,-28.9,"PMAP",2018
-49.0333,-28.95,"PMAP",2018
-49.1,-28.9667,"PMAP",2018
-49.1025,-28.985,"PMAP",2018
-49.0333,-29.05,"PMAP",2018
-48.75,-29.25,"PMAP",2018
-41.75,-23.25,"PMAP",2019
-44.75,-24.25,"PMAP",2019
-45.25,-24.25,"PMAP",2019
-44.75,-24.75,"PMAP",2019
-45.25,-24.75,"PMAP",2019
-46.75,-25.75,"PMAP",2019
-49.5417,-29.375,"PMAP",2019
-49.625,-29.375,"PMAP",2019
-49.7083,-29.375,"PMAP",2019
-49.4583,-29.4583,"PMAP",2019
-49.5417,-29.4583,"PMAP",2019
-49.625,-29.4583,"PMAP",2019
-49.7083,-29.4583,"PMAP",2019
-49.375,-29.5417,"PMAP",2019
-49.4583,-29.5417,"PMAP",2019
-49.5417,-29.5417,"PMAP",2019
-49.2917,-29.625,"PMAP",2019
-49.375,-29.625,"PMAP",2019
-49.4583,-29.625,"PMAP",2019
-44.9275,-23.6097,"PMAP",2019
-43.8833,-23.8,"PMAP",2019
-45.5111,-24.3375,"PMAP",2019
-45.5167,-24.3522,"PMAP",2019
-45.3833,-24.45,"PMAP",2019
-45.5667,-24.4667,"PMAP",2019
-45.45,-24.6167,"PMAP",2019
-45.4833,-24.6333,"PMAP",2019
-47.5025,-24.9725,"PMAP",2019
-47.2844,-24.9992,"PMAP",2019
-48.0753,-25.9281,"PMAP",2019
-48.3633,-26.3106,"PMAP",2019
-48.4181,-26.5039,"PMAP",2019
-48.4336,-26.5369,"PMAP",2019
-48.405,-26.5408,"PMAP",2019
-48.4325,-26.5475,"PMAP",2019
-48.3392,-26.5486,"PMAP",2019
-48.4711,-26.5489,"PMAP",2019
-48.4542,-26.5936,"PMAP",2019
-48.2489,-26.6003,"PMAP",2019
-48.4147,-26.6475,"PMAP",2019
-48.135,-26.7872,"PMAP",2019
-48.3753,-26.8025,"PMAP",2019
-48.3608,-26.8106,"PMAP",2019
-48.3808,-26.8186,"PMAP",2019
-48.4283,-26.8314,"PMAP",2019
-48.3025,-26.8353,"PMAP",2019
-48.4972,-26.8717,"PMAP",2019
-48.5117,-26.8767,"PMAP",2019
-48.3731,-26.8903,"PMAP",2019
-48.2469,-26.9089,"PMAP",2019
-48.1833,-26.9167,"PMAP",2019
-48.2167,-26.9333,"PMAP",2019
-48.4167,-26.95,"PMAP",2019
-48.4597,-27.0281,"PMAP",2019
-48.35,-27.05,"PMAP",2019
-48.2833,-27.0667,"PMAP",2019
-48.25,-27.0833,"PMAP",2019
-49.0247,-28.8819,"PMAP",2019
-49.0833,-28.9167,"PMAP",2019
-49.1186,-28.9219,"PMAP",2019
-49.0333,-28.9333,"PMAP",2019
-49.2,-28.9333,"PMAP",2019
-49.2167,-29.05,"PMAP",2019
-48.8197,-29.0503,"PMAP",2019
-49.3406,-29.0936,"PMAP",2019
-49.345,-29.0969,"PMAP",2019
-49.2667,-29.15,"PMAP",2019
-49.3083,-29.2592,"PMAP",2019
-49.55,-29.2833,"PMAP",2019
-49.5667,-29.2833,"PMAP",2019
-49.5739,-29.2986,"PMAP",2019
-49.5325,-29.3011,"PMAP",2019
-49.3939,-29.4794,"PMAP",2019
-49.5833,-29.5183,"PMAP",2019
-49.65,-29.5314,"PMAP",2019
-49.55,-29.5333,"PMAP",2019
-49.65,-29.55,"PMAP",2019
-49.4833,-29.65,"PMAP",2019
-49.4619,-29.665,"PMAP",2019
-49.4842,-29.6669,"PMAP",2019
-49.4686,-29.6869,"PMAP",2019
-49.8006,-29.8408,"PMAP",2019
-49.5603,-29.8608,"PMAP",2019
-49.6122,-29.8956,"PMAP",2019
-49.6503,-29.9033,"PMAP",2019
-48.3333,-26.0167,"PMAP",2019
-48.2836,-26.0514,"PMAP",2019
-48.45,-26.0667,"PMAP",2019
-48.1333,-26.0833,"PMAP",2019
-48.4794,-26.0911,"PMAP",2019
-48.4603,-26.1539,"PMAP",2019
-48.05,-26.2167,"PMAP",2019
-48.0667,-26.3167,"PMAP",2019
-48.2333,-26.35,"PMAP",2019
-48.2681,-26.3569,"PMAP",2019
-48.3644,-26.3922,"PMAP",2019
-47.7333,-26.4,"PMAP",2019
-48.3167,-26.4,"PMAP",2019
-48.405,-26.4369,"PMAP",2019
-48.4381,-26.4419,"PMAP",2019
-48.2169,-26.4533,"PMAP",2019
-48.3833,-26.4833,"PMAP",2019
-48.5833,-26.5,"PMAP",2019
-48.3,-26.5167,"PMAP",2019
-48.3833,-26.5167,"PMAP",2019
-48.4167,-26.5167,"PMAP",2019
-48.4,-26.5333,"PMAP",2019
-48.35,-26.55,"PMAP",2019
-48.4333,-26.5667,"PMAP",2019
-48.4728,-26.5683,"PMAP",2019
-48.4042,-26.5786,"PMAP",2019
-48.3833,-26.5833,"PMAP",2019
-48.6167,-26.5833,"PMAP",2019
-48.4414,-26.5908,"PMAP",2019
-48.45,-26.6167,"PMAP",2019
-48.2489,-26.6636,"PMAP",2019
-48.4858,-26.6711,"PMAP",2019
-48.3667,-26.7,"PMAP",2019
-48.3833,-26.7167,"PMAP",2019
-48.5042,-26.7172,"PMAP",2019
-48.4,-26.7333,"PMAP",2019
-48.4778,-26.7392,"PMAP",2019
-48.5389,-26.7456,"PMAP",2019
-48.2833,-26.75,"PMAP",2019
-48.3167,-26.7667,"PMAP",2019
-48.2,-26.7833,"PMAP",2019
-48.2333,-26.7833,"PMAP",2019
-48.2667,-26.7833,"PMAP",2019
-48.4167,-26.7833,"PMAP",2019
-48.5,-26.7867,"PMAP",2019
-48.3608,-26.7972,"PMAP",2019
-48.3333,-26.8,"PMAP",2019
-48.4,-26.8,"PMAP",2019
-48.5333,-26.8,"PMAP",2019
-48.2833,-26.8167,"PMAP",2019
-48.2458,-26.8658,"PMAP",2019
-48.35,-26.8667,"PMAP",2019
-48.5,-26.8667,"PMAP",2019
-48.5153,-26.8758,"PMAP",2019
-48.5358,-26.8897,"PMAP",2019
-48.3789,-26.8922,"PMAP",2019
-48.2,-26.9,"PMAP",2019
-48.5136,-26.9103,"PMAP",2019
-48.4167,-26.9167,"PMAP",2019
-48.5167,-26.9167,"PMAP",2019
-48.5233,-26.9331,"PMAP",2019
-48.2333,-26.9333,"PMAP",2019
-48.4983,-26.9389,"PMAP",2019
-48.3986,-26.9525,"PMAP",2019
-48.5508,-26.9525,"PMAP",2019
-48.5422,-26.9581,"PMAP",2019
-48.5167,-26.9667,"PMAP",2019
-48.3839,-26.9708,"PMAP",2019
-48.54,-26.9714,"PMAP",2019
-48.5167,-27,"PMAP",2019
-48.2869,-27.0303,"PMAP",2019
-48.4,-27.0333,"PMAP",2019
-48.3,-27.0667,"PMAP",2019
-48.3775,-27.0689,"PMAP",2019
-48.3208,-27.0728,"PMAP",2019
-48.3289,-27.0778,"PMAP",2019
-48.35,-27.0833,"PMAP",2019
-48.4167,-27.1,"PMAP",2019
-48.3494,-27.5658,"PMAP",2019
-48.3528,-27.6986,"PMAP",2019
-48.4044,-27.8814,"PMAP",2019
-48.1028,-28.8586,"PMAP",2019
-49.0733,-28.9286,"PMAP",2019
-49.2333,-28.95,"PMAP",2019
-49.3,-29.05,"PMAP",2019
-49.2139,-29.0544,"PMAP",2019
-48.3167,-29.2333,"PMAP",2019
-49.3036,-29.2511,"PMAP",2019
-49.3833,-29.2833,"PMAP",2019
-49.5272,-29.3058,"PMAP",2019
-49.3108,-29.4186,"PMAP",2019
-49.3833,-29.4333,"PMAP",2019
-49.5281,-29.4597,"PMAP",2019
-49.4833,-29.5,"PMAP",2019
-49.55,-29.5167,"PMAP",2019
-49.7303,-29.5319,"PMAP",2019
-49.6658,-29.5447,"PMAP",2019
-48.5667,-29.55,"PMAP",2019
-49.4161,-29.6047,"PMAP",2019
-49.5433,-29.6169,"PMAP",2019
-49.6519,-29.6211,"PMAP",2019
-49.6664,-29.6247,"PMAP",2019
-49.6375,-29.6264,"PMAP",2019
-49.6192,-29.6272,"PMAP",2019
-49.6858,-29.6361,"PMAP",2019
-49.6667,-29.65,"PMAP",2019
-49.7667,-29.6667,"PMAP",2019
-49.6639,-29.6672,"PMAP",2019
-49.85,-29.6833,"PMAP",2019
-49.5667,-29.8833,"PMAP",2019
-49.6414,-29.9067,"PMAP",2019
-49.6403,-29.9114,"PMAP",2019
-49.6306,-29.9186,"PMAP",2019
-49.8167,-30.0333,"PMAP",2019
-49.9133,-30.0369,"PMAP",2019
-40.445,-21.6244,"PMAP",2020
-40.2333,-22.3333,"PMAP",2020
-41.05,-22.5167,"PMAP",2020
-41.4333,-22.55,"PMAP",2020
-43.5833,-23.1975,"PMAP",2020
-44.0017,-23.4942,"PMAP",2020
-44.2636,-23.5711,"PMAP",2020
-44.3339,-23.8086,"PMAP",2020
-44.4706,-23.8275,"PMAP",2020
-44.4,-23.8833,"PMAP",2020
-44.7167,-23.9833,"PMAP",2020
-44.6794,-24.0169,"PMAP",2020
-44.8983,-24.0186,"PMAP",2020
-45.8136,-24.0208,"PMAP",2020
-45.3333,-24.1667,"PMAP",2020
-46.2,-24.2167,"PMAP",2020
-45.3833,-24.2667,"PMAP",2020
-45.0319,-24.415,"PMAP",2020
-45.32,-24.5533,"PMAP",2020
-45.4272,-24.725,"PMAP",2020
-45.4253,-24.7742,"PMAP",2020
-45.3631,-24.7906,"PMAP",2020
-46.6608,-24.8089,"PMAP",2020
-45.5828,-24.9675,"PMAP",2020
-45.6358,-24.9847,"PMAP",2020
-47.6919,-25.635,"PMAP",2020
-47.6975,-25.6442,"PMAP",2020
-48.1367,-25.7978,"PMAP",2020
-47.6975,-26.2258,"PMAP",2020
-47.6833,-26.2333,"PMAP",2020
-47.75,-26.2333,"PMAP",2020
-47.6778,-26.2508,"PMAP",2020
-48.2997,-26.3825,"PMAP",2020
-48.3206,-26.4281,"PMAP",2020
-48.325,-26.4397,"PMAP",2020
-48.3906,-26.5614,"PMAP",2020
-48.4056,-26.605,"PMAP",2020
-48.1886,-26.6667,"PMAP",2020
-48.3778,-26.6717,"PMAP",2020
-48.5892,-26.6833,"PMAP",2020
-48.38,-26.6839,"PMAP",2020
-48.0667,-26.7333,"PMAP",2020
-48.2,-26.7333,"PMAP",2020
-48.07,-26.7378,"PMAP",2020
-47.7667,-26.75,"PMAP",2020
-47.9,-26.75,"PMAP",2020
-48.05,-26.75,"PMAP",2020
-48.2056,-26.7503,"PMAP",2020
-48.0858,-26.7556,"PMAP",2020
-47.7833,-26.7667,"PMAP",2020
-48.0892,-26.8117,"PMAP",2020
-48.0333,-26.8333,"PMAP",2020
-48.455,-26.8389,"PMAP",2020
-48,-26.8667,"PMAP",2020
-47.9167,-26.8833,"PMAP",2020
-48,-26.8833,"PMAP",2020
-48.1825,-26.9058,"PMAP",2020
-48.3303,-26.9544,"PMAP",2020
-47,-26.9667,"PMAP",2020
-48.3058,-27.0786,"PMAP",2020
-48.3092,-27.0936,"PMAP",2020
-48.1667,-27.3167,"PMAP",2020
-48.15,-27.3333,"PMAP",2020
-48.2564,-27.4089,"PMAP",2020
-48.15,-27.4833,"PMAP",2020
-48.1667,-27.55,"PMAP",2020
-48.3294,-28.0831,"PMAP",2020
-48.56,-28.4567,"PMAP",2020
-48.5089,-28.5789,"PMAP",2020
-48.55,-28.5833,"PMAP",2020
-48.7681,-28.6925,"PMAP",2020
-48.7667,-28.7,"PMAP",2020
-48.8122,-28.7167,"PMAP",2020
-48.8833,-28.8042,"PMAP",2020
-48.9333,-28.85,"PMAP",2020
-49.1042,-28.8678,"PMAP",2020
-49.2167,-28.95,"PMAP",2020
-49.1358,-29.0389,"PMAP",2020
-49.1575,-29.0917,"PMAP",2020
-49.1833,-29.1167,"PMAP",2020
-49.1928,-29.1236,"PMAP",2020
-49.6611,-29.5447,"PMAP",2020
-41.4333,-22.4667,"PMAP",2020
-41.4333,-22.5,"PMAP",2020
-41.4667,-22.7167,"PMAP",2020
-41.5333,-22.7333,"PMAP",2020
-42.5764,-23.1728,"PMAP",2020
-43.05,-23.2333,"PMAP",2020
-42.9,-23.2667,"PMAP",2020
-43.1,-23.2667,"PMAP",2020
-43.3,-23.3,"PMAP",2020
-43.6667,-23.35,"PMAP",2020
-44.0667,-23.5333,"PMAP",2020
-44.2333,-23.5667,"PMAP",2020
-44.3167,-23.6167,"PMAP",2020
-43.75,-23.75,"PMAP",2020
-44.2167,-23.75,"PMAP",2020
-44.3333,-23.8,"PMAP",2020
-44.4814,-23.8253,"PMAP",2020
-44.4822,-23.8375,"PMAP",2020
-44.5333,-23.85,"PMAP",2020
-44.5333,-23.8667,"PMAP",2020
-44.6167,-23.9,"PMAP",2020
-44.5378,-23.9106,"PMAP",2020
-44.7036,-23.9547,"PMAP",2020
-44.9681,-23.9742,"PMAP",2020
-44.5967,-24.0117,"PMAP",2020
-45.15,-24.1167,"PMAP",2020
-45.3667,-24.1333,"PMAP",2020
-45.2667,-24.15,"PMAP",2020
-45.05,-24.1667,"PMAP",2020
-45.0667,-24.1833,"PMAP",2020
-45.1833,-24.1833,"PMAP",2020
-45.2667,-24.1833,"PMAP",2020
-45.3333,-24.2333,"PMAP",2020
-45.3167,-24.25,"PMAP",2020
-45.3167,-24.2667,"PMAP",2020
-45.3122,-24.2794,"PMAP",2020
-45.35,-24.2833,"PMAP",2020
-45.3167,-24.3167,"PMAP",2020
-45.3167,-24.3742,"PMAP",2020
-45.35,-24.4,"PMAP",2020
-45.3486,-24.4111,"PMAP",2020
-45.3556,-24.5661,"PMAP",2020
-45.3231,-24.5844,"PMAP",2020
-45.3875,-24.6625,"PMAP",2020
-45.4214,-24.705,"PMAP",2020
-45.7581,-25.0075,"PMAP",2020
-47.1333,-25.1,"PMAP",2020
-47.4589,-25.6128,"PMAP",2020
-47.9244,-26.7417,"PMAP",2020
-48.4667,-26.7667,"PMAP",2020
-48.47,-26.7667,"PMAP",2020
-47.9675,-26.8375,"PMAP",2020
-47.8594,-26.8628,"PMAP",2020
-48.2569,-26.8722,"PMAP",2020
-48.4967,-26.8753,"PMAP",2020
-48.0461,-26.9953,"PMAP",2020
-48.2114,-27.0711,"PMAP",2020
-48.1639,-27.0978,"PMAP",2020
-48.2194,-27.1767,"PMAP",2020
-48.1944,-27.2025,"PMAP",2020
-48.09,-27.2067,"PMAP",2020
-48.1869,-27.2097,"PMAP",2020
-48.1836,-27.2486,"PMAP",2020
-48.1414,-27.2703,"PMAP",2020
-48.1556,-27.3061,"PMAP",2020
-48.1617,-27.4192,"PMAP",2020
-48.3167,-27.5,"PMAP",2020
-48.25,-27.5333,"PMAP",2020
-48.2756,-27.5342,"PMAP",2020
-48.1078,-27.6967,"PMAP",2020
-48.4206,-27.9289,"PMAP",2020
-48.4997,-28.1089,"PMAP",2020
-48.5564,-28.2094,"PMAP",2020
-48.6631,-28.5453,"PMAP",2020
-48.5217,-28.5833,"PMAP",2020
-48.7003,-28.6875,"PMAP",2020
-48.8108,-28.7381,"PMAP",2020
-48.9922,-28.8139,"PMAP",2020
-49.2564,-29.1436,"PMAP",2020
-49.5558,-29.5128,"PMAP",2020
-49.5667,-29.55,"PMAP",2020
-41.25,-22.25,"PMAP",2021
-41.25,-22.75,"PMAP",2021
-47.25,-24.75,"PMAP",2021
-46.25,-25.25,"PMAP",2021
-48.4583,-26.0417,"PMAP",2021
-48.5417,-26.0417,"PMAP",2021
-48.5417,-26.125,"PMAP",2021
-41.6167,-22.4833,"PMAP",2021
-41.6,-22.5333,"PMAP",2021
-41.5333,-22.5667,"PMAP",2021
-43.7742,-23.4986,"PMAP",2021
-47.2667,-25.2833,"PMAP",2021
-47.2833,-25.3,"PMAP",2021
-47.35,-25.3667,"PMAP",2021
-47.3667,-25.4,"PMAP",2021
-47.7667,-25.5333,"PMAP",2021
-47.425,-25.5486,"PMAP",2021
-47.4278,-25.5492,"PMAP",2021
-47.5547,-25.6053,"PMAP",2021
-47.5431,-25.6128,"PMAP",2021
-47.5006,-25.6133,"PMAP",2021
-47.6808,-25.6169,"PMAP",2021
-47.9833,-26.0333,"PMAP",2021
-48.05,-26.05,"PMAP",2021
-48.1333,-26.05,"PMAP",2021
-48.3675,-26.105,"PMAP",2021
-48.0167,-26.15,"PMAP",2021
-48,-26.1833,"PMAP",2021
-48.3086,-26.4925,"PMAP",2021
-48.3167,-26.5667,"PMAP",2021
-48.3667,-26.6333,"PMAP",2021
-48.36,-26.7097,"PMAP",2021
-48.35,-26.75,"PMAP",2021
-48.3667,-26.7667,"PMAP",2021
-48.4181,-26.8361,"PMAP",2021
-48.3214,-26.8789,"PMAP",2021
-47.5958,-26.9,"PMAP",2021
-48.4928,-26.9436,"PMAP",2021
-48.4667,-27.0333,"PMAP",2021
-47.9833,-27.0667,"PMAP",2021
-48.0214,-27.2128,"PMAP",2021
-48.0431,-27.2819,"PMAP",2021
-48.2492,-27.4917,"PMAP",2021
-48.2667,-27.5,"PMAP",2021
-48.0733,-27.5031,"PMAP",2021
-48.1,-27.5833,"PMAP",2021
-48.1081,-27.6006,"PMAP",2021
-48.2833,-27.9333,"PMAP",2021
-48.7794,-28.7494,"PMAP",2021
-49.0833,-28.85,"PMAP",2021
-49,-28.95,"PMAP",2021
-48.9167,-29.0017,"PMAP",2021
-49.2289,-29.0125,"PMAP",2021
-49.4833,-29.4333,"PMAP",2021
-41.6022,-22.4678,"PMAP",2021
-41.5747,-22.4703,"PMAP",2021
-41.6869,-22.5647,"PMAP",2021
-41.6358,-22.6269,"PMAP",2021
-44.75,-23.75,"PMAP",2021
-45.1803,-24.2764,"PMAP",2021
-49.0833,-28.9833,"PMAP",2021
-49.3,-29.0833,"PMAP",2021
-49.5667,-29.4667,"PMAP",2021
-49.5167,-29.6,"PMAP",2021
-49.6833,-29.9667,"PMAP",2021
-49.8333,-29.9667,"PMAP",2021
-49.7533,-29.9731,"PMAP",2021
-49.75,-30.0167,"PMAP",2021
-49.7594,-30.0197,"PMAP",2021
-40.75,-22.75,"PMAP",2022
-41.25,-23.25,"PMAP",2022
-42.75,-23.75,"PMAP",2022
-43.25,-23.75,"PMAP",2022
-44.25,-24.25,"PMAP",2022
-48.2917,-27.4583,"PMAP",2022
-48.2917,-27.5417,"PMAP",2022
-48.375,-27.5417,"PMAP",2022
-48.2917,-27.625,"PMAP",2022
-48.375,-27.625,"PMAP",2022
-48.2917,-27.7083,"PMAP",2022
-48.375,-27.7083,"PMAP",2022
-48.4583,-27.7083,"PMAP",2022
-49.75,-30.75,"PMAP",2022
-50.75,-31.75,"PMAP",2022
-51.75,-32.25,"PMAP",2022
-42.3667,-23.0167,"PMAP",2022
-42.3833,-23.0333,"PMAP",2022
-42.5833,-23.0833,"PMAP",2022
-43.0333,-23.1,"PMAP",2022
-42.7833,-23.15,"PMAP",2022
-43.5667,-23.2667,"PMAP",2022
-43.2333,-23.2833,"PMAP",2022
-44.3167,-23.2833,"PMAP",2022
-43.5667,-23.3,"PMAP",2022
-43.6167,-23.3,"PMAP",2022
-43.5667,-23.35,"PMAP",2022
-43.9167,-23.3667,"PMAP",2022
-43.9167,-23.3833,"PMAP",2022
-43.35,-23.4333,"PMAP",2022
-44.0667,-23.45,"PMAP",2022
-43.9,-23.4667,"PMAP",2022
-44.0667,-23.6,"PMAP",2022
-44.45,-23.6167,"PMAP",2022
-44.4333,-23.6667,"PMAP",2022
-44.5167,-23.6667,"PMAP",2022
-44.5,-23.7333,"PMAP",2022
-44.8833,-23.9,"PMAP",2022
-47.2667,-25.2167,"PMAP",2022
-47.45,-25.3833,"PMAP",2022
-47.1667,-25.4,"PMAP",2022
-47.1,-25.4333,"PMAP",2022
-47.9,-26.2,"PMAP",2022
-48.1667,-26.6,"PMAP",2022
-48.2,-26.75,"PMAP",2022
-48.1833,-26.7667,"PMAP",2022
-48.25,-26.7833,"PMAP",2022
-48.3333,-26.7833,"PMAP",2022
-48.45,-26.8833,"PMAP",2022
-48.15,-27.2333,"PMAP",2022
-45.25,-23.75,"PMAP",2022
-44.1367,-23.60265,"DB_Sardinha",2009
-41.6342666666667,-22.9765833333333,"DB_Sardinha",2009
-41.6735333333333,-22.8403,"DB_Sardinha",2009
-42.3285833333333,-23.04595,"DB_Sardinha",2009
-42.5782166666667,-23.2923333333333,"DB_Sardinha",2009
-42.4788333333333,-23.2232666666667,"DB_Sardinha",2009
-42.4838833333333,-23.2326666666667,"DB_Sardinha",2009
-43.4578333333333,-23.2071666666667,"DB_Sardinha",2009
-43.514,-23.1663333333333,"DB_Sardinha",2009
-43.6775,-23.1326666666667,"DB_Sardinha",2009
-43.6565,-23.2525,"DB_Sardinha",2009
-44.0538333333333,-23.5928333333333,"DB_Sardinha",2009
-43.3968333333333,-23.2481666666667,"DB_Sardinha",2009
-43.411,-23.2183333333333,"DB_Sardinha",2009
-43.507,-23.2361666666667,"DB_Sardinha",2009
-48.4194,-26.6458833333333,"DB_Sardinha",2009
-48.4965666666667,-26.6471666666667,"DB_Sardinha",2009
-43.192,-23.2238333333333,"DB_Sardinha",2009
-43.0633333333333,-23.2598333333333,"DB_Sardinha",2009
-42.9528333333333,-23.2166666666667,"DB_Sardinha",2009
-42.903,-23.1311666666667,"DB_Sardinha",2009
-42.9771666666667,-23.2379666666667,"DB_Sardinha",2009
-43.4683333333333,-23.2364166666667,"DB_Sardinha",2009
-43.4995,-23.2618333333333,"DB_Sardinha",2009
-43.5408333333333,-23.2295,"DB_Sardinha",2009
-43.6516666666667,-23.2515,"DB_Sardinha",2009
-43.6516666666667,-23.2261666666667,"DB_Sardinha",2009
-43.605,-23.3046666666667,"DB_Sardinha",2009
-43.4471666666667,-23.3523333333333,"DB_Sardinha",2009
-43.02695,-23.2593666666667,"DB_Sardinha",2009
-43.0651833333333,-23.2894833333333,"DB_Sardinha",2009
-43.0517166666667,-23.3105333333333,"DB_Sardinha",2009
-43.0724,-23.5097166666667,"DB_Sardinha",2009
-43.0938333333333,-23.1718333333333,"DB_Sardinha",2009
-43.1471666666667,-23.3837833333333,"DB_Sardinha",2009
-43.3399833333333,-23.40105,"DB_Sardinha",2009
-43.3136666666667,-23.4116666666667,"DB_Sardinha",2009
-43.2228333333333,-23.3658333333333,"DB_Sardinha",2009
-43.241,-23.3615,"DB_Sardinha",2009
-43.1698333333333,-23.394,"DB_Sardinha",2009
-43.1618333333333,-23.259,"DB_Sardinha",2009
-43.9448333333333,-23.5185,"DB_Sardinha",2009
-41.7801666666667,-23.4296666666667,"DB_Sardinha",2009
-41.6226666666667,-23.4398333333333,"DB_Sardinha",2009
-41.5436,-23.2975333333333,"DB_Sardinha",2009
-41.6390666666667,-23.3545666666667,"DB_Sardinha",2009
-41.6961,-23.3499166666667,"DB_Sardinha",2009
-44.524,-23.8491666666667,"DB_Sardinha",2009
-44.532,-23.8148333333333,"DB_Sardinha",2009
-44.2518333333333,-23.6758333333333,"DB_Sardinha",2009
-44.5549166666667,-23.8370166666667,"DB_Sardinha",2009
-44.5465333333333,-23.82445,"DB_Sardinha",2009
-44.5412833333333,-23.7938,"DB_Sardinha",2009
-44.2502166666667,-23.6964666666667,"DB_Sardinha",2009
-44.5548333333333,-23.8228333333333,"DB_Sardinha",2009
-44.5556666666667,-23.8225,"DB_Sardinha",2009
-44.6015,-23.8866666666667,"DB_Sardinha",2009
-44.4425,-23.5953333333333,"DB_Sardinha",2009
-44.4868333333333,-23.6431666666667,"DB_Sardinha",2009
-44.529,-23.663,"DB_Sardinha",2009
-44.5723333333333,-23.696,"DB_Sardinha",2009
-44.5128333333333,-23.6903333333333,"DB_Sardinha",2009
-44.494,-23.6666666666667,"DB_Sardinha",2009
-44.5151666666667,-23.6541666666667,"DB_Sardinha",2009
-44.6123333333333,-23.6923333333333,"DB_Sardinha",2009
-44.5851666666667,-23.6985,"DB_Sardinha",2009
-44.6253333333333,-23.4766666666667,"DB_Sardinha",2009
-44.6193,-23.4753333333333,"DB_Sardinha",2009
-44.3427333333333,-23.2892833333333,"DB_Sardinha",2009
-44.38845,-23.3014833333333,"DB_Sardinha",2009
-44.4185,-23.3177333333333,"DB_Sardinha",2009
-44.4317666666667,-23.3015166666667,"DB_Sardinha",2009
-44.2783166666667,-23.6195,"DB_Sardinha",2009
-41.6378333333333,-23.3818333333333,"DB_Sardinha",2009
-41.5625,-23.4078333333333,"DB_Sardinha",2009
-41.5336666666667,-23.4365,"DB_Sardinha",2009
-41.5911666666667,-23.391,"DB_Sardinha",2009
-44.5356333333333,-23.6779666666667,"DB_Sardinha",2009
-44.5217166666667,-23.6175166666667,"DB_Sardinha",2009
-42.4761333333333,-23.0392166666667,"DB_Sardinha",2010
-42.6242166666667,-23.0353833333333,"DB_Sardinha",2010
-42.8224833333333,-23.06635,"DB_Sardinha",2010
-42.82905,-23.04735,"DB_Sardinha",2010
-42.7514,-23.0762666666667,"DB_Sardinha",2010
-42.7086,-23.0704666666667,"DB_Sardinha",2010
-42.68365,-23.0687,"DB_Sardinha",2010
-42.54685,-23.0421666666667,"DB_Sardinha",2010
-48.3298,-26.8799833333333,"DB_Sardinha",2011
-48.4042166666667,-26.7042666666667,"DB_Sardinha",2011
-48.4128166666667,-26.7398833333333,"DB_Sardinha",2011
-48.30965,-25.7253833333333,"DB_Sardinha",2010
-48.5606666666667,-26.6708166666667,"DB_Sardinha",2011
-52.16,-32.38,"DB_Sardinha",2011
